,V1,V2,
1,66,159,
2,159,71,
3,71,154,
4,154,67,
5,67,158,
6,158,69,
7,69,156,
8,156,67,
9,67,161,
10,161,64,
11,64,149,
12,149,76,
13,76,166,
14,166,79,
15,79,174,
16,174,88,
17,88,0,
18,0,98,
19,98,6,
20,6,100,
21,100,2,
22,2,93,
23,93,178,
24,178,85,
25,85,0,
26,0,94,
27,94,6,
28,6,96,
29,96,179,
30,179,89,
31,89,3,
32,3,92,
33,92,7,
34,7,99,
35,99,4,
36,4,88,
37,88,177,
38,177,95,
39,95,174,
40,174,77,
41,77,148,
42,148,61,
43,61,139,
44,139,58,
45,58,145,
46,145,80,
47,80,164,
48,164,73,
49,73,152,
50,152,68,
51,68,157,
52,157,72,
53,72,153,
54,153,65,
55,65,160,
56,160,68,
57,68,165,
58,165,72,
59,72,166,
60,166,83,
61,83,1,
62,1,101,
63,101,2,
64,2,95,
65,95,7,
66,7,87,
67,87,1,
68,1,84,
69,84,172,
70,172,90,
71,90,178,
72,178,98,
73,98,9,
74,9,103,
75,103,1,
76,1,81,
77,81,163,
78,163,62,
79,62,138,
80,138,54,
81,54,134,
82,134,56,
83,56,144,
84,144,59,
85,59,137,
86,137,55,
87,55,124,
88,124,53,
89,53,135,
90,135,51,
91,51,121,
92,121,14,
93,14,102,
94,102,10,
95,10,125,
96,125,59,
97,59,149,
98,149,69,
99,69,151,
100,151,74,
101,74,163,
102,163,77,
103,77,168,
104,168,91,
105,91,171,
106,171,96,
107,96,173,
108,173,80,
109,80,2,
110,2,82,
111,82,143,
112,143,60,
113,60,140,
114,140,57,
115,57,146,
116,146,79,
117,79,3,
118,3,100,
119,100,176,
120,176,90,
121,90,2,
122,2,102,
123,102,12,
124,12,123,
125,123,56,
126,56,147,
127,147,78,
128,78,161,
129,161,63,
130,63,162,
131,162,75,
132,75,150,
133,150,58,
134,58,133,
135,133,55,
136,55,145,
137,145,66,
138,66,137,
139,137,52,
140,52,120,
141,120,15,
142,15,112,
143,112,13,
144,13,122,
145,122,50,
146,50,117,
147,117,18,
148,18,114,
149,114,21,
150,21,122,
151,122,57,
152,57,126,
153,126,9,
154,9,88,
155,88,6,
156,6,103,
157,103,0,
158,0,95,
159,95,12,
160,12,92,
161,92,170,
162,170,85,
163,85,8,
164,8,127,
165,127,56,
166,56,132,
167,132,62,
168,62,129,
169,129,64,
170,64,160,
171,160,80,
172,80,178,
173,178,83,
174,83,142,
175,142,53,
176,53,119,
177,119,16,
178,16,111,
179,111,5,
180,5,89,
181,89,173,
182,173,71,
183,71,167,
184,167,92,
185,92,1,
186,1,76,
187,76,175,
188,175,98,
189,98,11,
190,11,124,
191,124,22,
192,22,113,
193,113,12,
194,12,97,
195,97,170,
196,170,70,
197,70,155,
198,155,74,
199,74,176,
200,176,86,
201,86,7,
202,7,128,
203,128,65,
204,65,157,
205,157,76,
206,76,169,
207,169,93,
208,93,174,
209,174,99,
210,99,15,
211,15,101,
212,101,7,
213,7,110,
214,110,46,
215,46,115,
216,115,20,
217,20,116,
218,116,19,
219,19,118,
220,118,17,
221,17,107,
222,107,179,
223,179,77,
224,77,165,
225,165,87,
226,87,10,
227,10,99,
228,99,170,
229,170,75,
230,75,176,
231,176,91,
232,91,4,
233,4,78,
234,78,174,
235,174,70,
236,70,142,
237,142,61,
238,61,164,
239,164,92,
240,92,175,
241,175,84,
242,84,141,
243,141,54,
244,54,118,
245,118,47,
246,47,114,
247,114,51,
248,51,133,
249,133,61,
250,61,136,
251,136,52,
252,52,131,
253,131,63,
254,63,130,
255,130,53,
256,53,172,
257,172,81,
258,81,144,
259,144,57,
260,57,151,
261,151,72,
262,72,171,
263,171,100,
264,100,174,
265,174,85,
266,85,162,
267,162,66,
268,66,127,
269,127,59,
270,59,119,
271,119,48,
272,48,121,
273,121,58,
274,58,138,
275,138,65,
276,65,129,
277,129,6,
278,6,87,
279,87,162,
280,162,78,
281,78,178,
282,178,73,
283,73,166,
284,166,93,
285,93,13,
286,13,96,
287,96,177,
288,177,84,
289,84,8,
290,8,109,
291,109,4,
292,4,105,
293,105,0,
294,0,82,
295,82,168,
296,168,86,
297,86,163,
298,163,64,
299,64,147,
300,147,57,
301,57,141,
302,141,72,
303,72,176,
304,176,97,
305,97,16,
306,16,117,
307,117,14,
308,14,92,
309,92,172,
310,172,99,
311,99,8,
312,8,83,
313,83,179,
314,179,106,
315,106,12,
316,12,94,
317,94,41,
318,41,138,
319,138,73,
320,73,147,
321,147,55,
322,55,135,
323,135,67,
324,67,171,
325,171,54,
326,54,116,
327,116,51,
328,51,137,
329,137,60,
330,60,157,
331,157,81,
332,81,3,
333,3,94,
334,94,166,
335,166,86,
336,86,139,
337,139,40,
338,40,95,
339,95,165,
340,165,84,
341,84,9,
342,9,115,
343,115,55,
344,55,170,
345,170,68,
346,68,159,
347,159,69,
348,69,134,
349,134,23,
350,23,112,
351,112,49,
352,49,123,
353,123,20,
354,20,121,
355,121,62,
356,62,125,
357,125,24,
358,24,131,
359,131,4,
360,4,77,
361,77,0,
362,0,110,
363,110,50,
364,50,132,
365,132,70,
366,70,150,
367,150,60,
368,60,145,
369,145,74,
370,74,1,
371,1,102,
372,102,6,
373,6,90,
374,90,162,
375,162,62,
376,62,134,
377,134,57,
378,57,168,
379,168,84,
380,84,7,
381,7,89,
382,89,177,
383,177,107,
384,107,152,
385,152,58,
386,58,129,
387,129,19,
388,19,106,
389,106,45,
390,45,111,
391,111,52,
392,52,173,
393,173,101,
394,101,170,
395,170,80,
396,80,6,
397,6,99,
398,99,3,
399,3,132,
400,132,25,
401,25,126,
402,126,68,
403,68,144,
404,144,54,
405,54,122,
406,122,18,
407,18,130,
408,130,5,
409,5,90,
410,90,13,
411,13,108,
412,108,151,
413,151,63,
414,63,120,
415,120,59,
416,59,146,
417,146,65,
418,65,167,
419,167,96,
420,96,164,
421,164,63,
422,63,124,
423,124,6,
424,6,97,
425,97,10,
426,10,119,
427,119,49,
428,49,118,
429,118,12,
430,12,91,
431,91,44,
432,44,148,
433,148,56,
434,56,169,
435,169,81,
436,81,159,
437,159,85,
438,85,140,
439,140,73,
440,73,132,
441,132,22,
442,22,121,
443,121,66,
444,66,136,
445,136,89,
446,89,168,
447,168,70,
448,70,157,
449,157,47,
450,47,122,
451,122,5,
452,5,125,
453,125,69,
454,69,143,
455,143,56,
456,56,114,
457,114,7,
458,7,79,
459,79,161,
460,161,88,
461,88,137,
462,137,23,
463,23,147,
464,147,104,
465,104,31,
466,31,99,
467,99,175,
468,175,50,
469,50,106,
470,106,151,
471,151,26,
472,26,149,
473,149,43,
474,43,92,
475,92,4,
476,4,63,
477,63,128,
478,128,10,
479,10,83,
480,83,9,
481,9,68,
482,68,169,
483,169,85,
484,85,7,
485,7,66,
486,66,144,
487,144,76,
488,76,2,
489,2,133,
490,133,72,
491,72,148,
492,148,55,
493,55,117,
494,117,21,
495,21,115,
496,115,47,
497,47,120,
498,120,9,
499,9,108,
500,108,153,
501,153,110,
502,110,53,
503,53,173,
504,173,68,
505,68,161,
506,161,96,
507,96,11,
508,11,70,
509,70,124,
510,124,8,
511,8,113,
512,113,48,
513,48,156,
514,156,45,
515,45,102,
516,102,43,
517,43,140,
518,140,61,
519,61,2,
520,2,96,
521,96,14,
522,14,127,
523,127,74,
524,74,137,
525,137,27,
526,27,148,
527,148,104,
528,104,51,
529,51,174,
530,174,106,
531,106,1,
532,1,134,
533,134,50,
534,50,111,
535,111,152,
536,152,48,
537,48,129,
538,129,76,
539,76,136,
540,136,54,
541,54,109,
542,109,154,
543,154,58,
544,58,178,
545,178,107,
546,107,10,
547,10,65,
548,65,162,
549,162,94,
550,94,15,
551,15,106,
552,106,147,
553,147,87,
554,87,138,
555,138,22,
556,22,145,
557,145,45,
558,45,147,
559,147,85,
560,85,164,
561,164,74,
562,74,172,
563,172,78,
564,78,131,
565,131,59,
566,59,113,
567,113,52,
568,52,171,
569,171,69,
570,69,12,
571,12,72,
572,72,142,
573,142,39,
574,39,96,
575,96,160,
576,160,90,
577,90,167,
578,167,58,
579,58,143,
580,143,102,
581,102,33,
582,33,106,
583,106,53,
584,53,129,
585,129,38,
586,38,139,
587,139,70,
588,70,148,
589,148,28,
590,28,144,
591,144,85,
592,85,2,
593,2,123,
594,123,24,
595,24,149,
596,149,109,
597,109,150,
598,150,26,
599,26,131,
600,131,74,
601,74,177,
602,177,55,
603,55,105,
604,105,2,
605,2,75,
606,75,130,
607,130,79,
608,79,171,
609,171,84,
610,84,163,
611,163,93,
612,93,42,
613,42,141,
614,141,14,
615,14,95,
616,95,161,
617,161,50,
618,50,118,
619,118,60,
620,60,4,
621,4,126,
622,126,61,
623,61,3,
624,3,115,
625,115,17,
626,17,131,
627,131,51,
628,51,117,
629,117,64,
630,64,154,
631,154,108,
632,108,177,
633,177,81,
634,81,166,
635,166,99,
636,99,36,
637,36,129,
638,129,60,
639,60,165,
640,165,91,
641,91,134,
642,134,13,
643,13,132,
644,132,68,
645,68,13,
646,13,103,
647,103,32,
648,32,107,
649,107,146,
650,146,21,
651,21,125,
652,125,1,
653,1,62,
654,62,149,
655,149,111,
656,111,153,
657,153,68,
658,68,128,
659,128,78,
660,78,167,
661,167,72,
662,72,179,
663,179,136,
664,136,28,
665,28,107,
666,107,52,
667,52,174,
668,174,69,
669,69,9,
670,9,66,
671,66,123,
672,123,72,
673,72,11,
674,11,103,
675,103,142,
676,142,77,
677,77,17,
678,17,142,
679,142,71,
680,71,172,
681,172,54,
682,54,178,
683,178,47,
684,47,88,
685,88,25,
686,25,122,
687,122,6,
688,6,60,
689,60,158,
690,158,46,
691,46,89,
692,89,163,
693,163,47,
694,47,154,
695,154,110,
696,110,5,
697,5,104,
698,104,141,
699,141,78,
700,78,176,
701,176,49,
702,49,86,
703,86,161,
704,161,99,
705,99,43,
706,43,155,
707,155,110,
708,110,60,
709,60,141,
710,141,82,
711,82,170,
712,170,105,
713,105,150,
714,150,112,
715,112,148,
716,148,65,
717,65,124,
718,124,179,
719,179,57,
720,57,105,
721,105,44,
722,44,157,
723,157,62,
724,62,10,
725,10,122,
726,122,80,
727,80,22,
728,22,148,
729,148,63,
730,63,156,
731,156,73,
732,73,173,
733,173,86,
734,86,178,
735,178,125,
736,125,49,
737,49,101,
738,101,141,
739,141,26,
740,26,92,
741,92,133,
742,133,67,
743,67,117,
744,117,2,
745,2,62,
746,62,5,
747,5,76,
748,76,126,
749,126,20,
750,20,108,
751,108,145,
752,145,25,
753,25,152,
754,152,112,
755,112,51,
756,51,99,
757,99,163,
758,163,49,
759,49,121,
760,121,81,
761,81,5,
762,5,132,
763,132,93,
764,93,171,
765,171,88,
766,88,148,
767,148,47,
768,47,102,
769,102,145,
770,145,70,
771,70,116,
772,116,15,
773,15,118,
774,118,174,
775,174,97,
776,97,38,
777,38,141,
778,141,8,
779,8,60,
780,60,177,
781,177,138,
782,138,51,
783,51,96,
784,96,129,
785,129,9,
786,9,100,
787,100,50,
788,50,85,
789,85,10,
790,10,64,
791,64,136,
792,136,6,
793,6,131,
794,131,94,
795,94,168,
796,168,65,
797,65,134,
798,134,52,
799,52,95,
800,95,130,
801,130,40,
802,40,89,
803,89,24,
804,24,146,
805,146,56,
806,56,2,
807,2,79,
808,79,123,
809,123,4,
810,4,95,
811,95,162,
812,162,48,
813,48,87,
814,87,157,
815,157,82,
816,82,22,
817,22,123,
818,123,70,
819,70,131,
820,131,39,
821,39,137,
822,137,178,
823,178,103,
824,103,144,
825,144,109,
826,109,19,
827,19,128,
828,128,97,
829,97,160,
830,160,70,
831,70,111,
832,111,151,
833,151,114,
834,114,72,
835,72,15,
836,15,95,
837,95,42,
838,42,149,
839,149,27,
840,27,154,
841,154,114,
842,114,49,
843,49,127,
844,127,98,
845,98,37,
846,37,131,
847,131,72,
848,72,162,
849,162,50,
850,50,169,
851,169,83,
852,83,21,
853,21,76,
854,76,162,
855,162,92,
856,92,41,
857,41,88,
858,88,178,
859,178,95,
860,95,172,
861,172,67,
862,67,7,
863,7,59,
864,59,10,
865,10,104,
866,104,140,
867,140,15,
868,15,125,
869,125,64,
870,64,139,
871,139,176,
872,176,109,
873,109,51,
874,51,84,
875,84,179,
876,179,46,
877,46,164,
878,164,69,
879,69,119,
880,119,23,
881,23,79,
882,79,119,
883,119,46,
884,46,104,
885,104,171,
886,171,98,
887,98,167,
888,167,106,
889,106,152,
890,152,116,
891,116,74,
892,74,3,
893,3,133,
894,133,1,
895,1,91,
896,91,47,
897,47,117,
898,117,151,
899,151,61,
900,61,6,
901,6,143,
902,143,14,
903,14,131,
904,131,10,
905,10,93,
906,93,27,
907,27,134,
908,134,0,
909,0,135,
910,135,90,
911,90,45,
912,45,121,
913,121,68,
914,68,15,
915,15,76,
916,76,114,
917,114,147,
918,147,75,
919,75,24,
920,24,133,
921,133,63,
922,63,141,
923,141,106,
924,106,149,
925,149,22,
926,22,135,
927,135,9,
928,9,94,
929,94,53,
930,53,103,
931,103,17,
932,17,66,
933,66,156,
934,156,111,
935,111,3,
936,3,64,
937,64,108,
938,108,6,
939,6,91,
940,91,177,
941,177,48,
942,48,89,
943,89,13,
944,13,71,
945,71,124,
946,124,1,
947,1,80,
948,80,129,
949,129,41,
950,41,150,
951,150,118,
952,118,80,
953,80,167,
954,167,104,
955,104,177,
956,177,70,
957,70,21,
958,21,84,
959,84,134,
960,134,68,
961,68,151,
962,151,17,
963,17,138,
964,138,3,
965,3,78,
966,78,124,
967,124,60,
968,60,10,
969,10,145,
970,145,112,
971,112,155,
972,155,113,
973,113,148,
974,148,29,
975,29,153,
976,153,115,
977,115,43,
978,43,94,
979,94,178,
980,178,59,
981,59,142,
982,142,7,
983,7,97,
984,97,159,
985,159,92,
986,92,23,
987,23,76,
988,76,171,
989,171,81,
990,81,140,
991,140,175,
992,175,51,
993,51,88,
994,88,49,
995,49,130,
996,130,77,
997,77,6,
998,6,101,
999,101,137,
1000,137,4,
1001,4,132,
1002,132,27,
1003,27,90,
1004,90,48,
1005,48,101,
1006,101,18,
1007,18,65,
1008,65,8,
1009,8,96,
1010,96,158,
1011,158,28,
1012,28,138,
1013,138,100,
1014,100,165,
1015,165,66,
1016,66,112,
1017,112,73,
1018,73,161,
1019,161,91,
1020,91,43,
1021,43,148,
1022,148,103,
1023,103,3,
1024,3,54,
1025,54,174,
1026,174,90,
1027,90,169,
1028,169,99,
1029,99,126,
1030,126,58,
1031,58,11,
1032,11,92,
1033,92,153,
1034,153,107,
1035,107,140,
1036,140,109,
1037,109,152,
1038,152,30,
1039,30,105,
1040,105,146,
1041,146,115,
1042,115,144,
1043,144,75,
1044,75,16,
1045,16,67,
1046,67,163,
1047,163,70,
1048,70,108,
1049,108,56,
1050,56,93,
1051,93,3,
1052,3,84,
1053,84,161,
1054,161,29,
1055,29,145,
1056,145,106,
1057,106,73,
1058,73,10,
1059,10,67,
1060,67,129,
1061,129,2,
1062,2,97,
1063,97,131,
1064,131,41,
1065,41,96,
1066,96,132,
1067,132,40,
1068,40,141,
1069,141,1,
1070,1,99,
1071,99,12,
1072,12,59,
1073,59,130,
1074,130,66,
1075,66,102,
1076,102,136,
1077,136,176,
1078,176,81,
1079,81,23,
1080,23,150,
1081,150,77,
1082,77,177,
1083,177,141,
1084,141,174,
1085,174,82,
1086,82,53,
1087,53,4,
1088,4,58,
1089,58,136,
1090,136,20,
1091,20,147,
1092,147,113,
1093,113,50,
1094,50,97,
1095,97,161,
1096,161,93,
1097,93,47,
1098,47,164,
1099,164,82,
1100,82,120,
1101,120,12,
1102,12,152,
1103,152,18,
1104,18,119,
1105,119,149,
1106,149,15,
1107,15,63,
1108,63,118,
1109,118,84,
1110,84,52,
1111,52,83,
1112,83,128,
1113,128,73,
1114,73,24,
1115,24,140,
1116,140,41,
1117,41,133,
1118,133,70,
1119,70,118,
1120,118,159,
1121,159,99,
1122,99,139,
1123,139,0,
1124,0,45,
1125,45,109,
1126,109,155,
1127,155,27,
1128,27,94,
1129,94,55,
1130,55,171,
1131,171,66,
1132,66,12,
1133,12,133,
1134,133,49,
1135,49,85,
1136,85,117,
1137,117,72,
1138,72,107,
1139,107,137,
1140,137,1,
1141,1,63,
1142,63,166,
1143,166,96,
1144,96,3,
1145,3,108,
1146,108,136,
1147,136,38,
1148,38,84,
1149,84,127,
1150,127,37,
1151,37,121,
1152,121,78,
1153,78,170,
1154,170,95,
1155,95,47,
1156,47,127,
1157,127,10,
1158,10,152,
1159,152,113,
1160,113,144,
1161,144,45,
1162,45,104,
1163,104,74,
1164,74,153,
1165,153,60,
1166,60,92,
1167,92,57,
1168,57,10,
1169,10,134,
1170,134,103,
1171,103,8,
1172,8,140,
1173,140,62,
1174,62,123,
1175,123,161,
1176,161,71,
1177,71,110,
1178,110,9,
1179,9,139,
1180,139,77,
1181,77,25,
1182,25,95,
1183,95,10,
1184,10,101,
1185,101,42,
1186,42,112,
1187,112,21,
1188,21,133,
1189,133,18,
1190,18,105,
1191,105,74,
1192,74,25,
1193,25,156,
1194,156,119,
1195,119,147,
1196,147,66,
1197,66,164,
1198,164,126,
1199,126,85,
1200,85,51,
1201,51,92,
1202,92,40,
1203,40,149,
1204,149,103,
1205,103,163,
1206,163,48,
1207,48,86,
1208,86,116,
1209,116,143,
1210,143,2,
1211,2,121,
1212,121,10,
1213,10,89,
1214,89,12,
1215,12,64,
1216,64,165,
1217,165,97,
1218,97,46,
1219,46,174,
1220,174,44,
1221,44,146,
1222,146,7,
1223,7,76,
1224,76,131,
1225,131,64,
1226,64,99,
1227,99,130,
1228,130,0,
1229,0,138,
1230,138,106,
1231,106,6,
1232,6,128,
1233,128,36,
1234,36,136,
1235,136,56,
1236,56,118,
1237,118,52,
1238,52,123,
1239,123,90,
1240,90,58,
1241,58,148,
1242,148,110,
1243,110,78,
1244,78,24,
1245,24,120,
1246,120,50,
1247,50,172,
1248,172,88,
1249,88,60,
1250,60,134,
1251,134,171,
1252,171,51,
1253,51,10,
1254,10,137,
1255,137,53,
1256,53,143,
1257,143,178,
1258,178,135,
1259,135,59,
1260,59,89,
1261,89,175,
1262,175,80,
1263,80,162,
1264,162,68,
1265,68,111,
1266,111,41,
1267,41,148,
1268,148,6,
1269,6,93,
1270,93,152,
1271,152,16,
1272,16,105,
1273,105,139,
1274,139,177,
1275,177,50,
1276,50,89,
1277,89,44,
1278,44,1,
1279,1,114,
1280,114,10,
1281,10,47,
1282,47,92,
1283,92,125,
1284,125,100,
1285,100,45,
1286,45,87,
1287,87,61,
1288,61,112,
1289,112,156,
1290,156,90,
1291,90,9,
1292,9,153,
1293,153,28,
1294,28,133,
1295,133,43,
1296,43,103,
1297,103,75,
1298,75,128,
1299,128,95,
1300,95,167,
1301,167,85,
1302,85,24,
1303,24,157,
1304,157,51,
1305,51,168,
1306,168,40,
1307,40,125,
1308,125,154,
1309,154,123,
1310,123,67,
1311,67,19,
1312,19,144,
1313,144,119,
1314,119,83,
1315,83,162,
1316,162,121,
1317,121,155,
1318,155,59,
1319,59,104,
1320,104,15,
1321,15,78,
1322,78,47,
1323,47,166,
1324,166,59,
1325,59,2,
1326,2,112,
1327,112,10,
1328,10,108,
1329,108,44,
1330,44,101,
1331,101,124,
1332,124,35,
1333,35,163,
1334,163,73,
1335,73,18,
1336,18,145,
1337,145,114,
1338,114,140,
1339,140,67,
1340,67,101,
1341,101,70,
1342,70,129,
1343,129,15,
1344,15,100,
1345,100,161,
1346,161,103,
1347,103,64,
1348,64,145,
1349,145,118,
1350,118,58,
1351,58,9,
1352,9,150,
1353,150,115,
1354,115,87,
1355,87,52,
1356,52,80,
1357,80,55,
1358,55,142,
1359,142,173,
1360,173,93,
1361,93,15,
1362,15,142,
1363,142,27,
1364,27,178,
1365,178,48,
1366,48,94,
1367,94,171,
1368,171,112,
1369,112,154,
1370,154,73,
1371,73,100,
1372,100,129,
1373,129,39,
1374,39,6,
1375,6,68,
1376,68,120,
1377,120,143,
1378,143,172,
1379,172,23,
1380,23,91,
1381,91,48,
1382,48,128,
1383,128,61,
1384,61,84,
1385,84,50,
1386,50,131,
1387,131,42,
1388,42,171,
1389,171,137,
1390,137,21,
1391,21,109,
1392,109,80,
1393,80,4,
1394,4,31,
1395,31,157,
1396,157,112,
1397,112,53,
1398,53,163,
1399,163,79,
1400,79,56,
1401,56,128,
1402,128,178,
1403,178,69,
1404,69,109,
1405,109,134,
1406,134,17,
1407,17,74,
1408,74,99,
1409,99,135,
1410,135,2,
1411,2,87,
1412,87,175,
1413,175,137,
1414,137,13,
1415,13,63,
1416,63,109,
1417,109,2,
1418,2,29,
1419,29,160,
1420,160,78,
1421,78,117,
1422,117,147,
1423,147,105,
1424,105,151,
1425,151,113,
1426,113,20,
1427,20,57,
1428,57,78,
1429,78,105,
1430,105,34,
1431,34,74,
1432,74,122,
1433,122,103,
1434,103,48,
1435,48,10,
1436,10,149,
1437,149,0,
1438,0,93,
1439,93,8,
1440,8,37,
1441,37,137,
1442,137,115,
1443,115,139,
1444,139,42,
1445,42,91,
1446,91,56,
1447,56,106,
1448,106,42,
1449,42,151,
1450,151,125,
1451,125,60,
1452,60,147,
1453,147,14,
1454,14,106,
1455,106,133,
1456,133,6,
1457,6,152,
1458,152,62,
1459,62,83,
1460,83,51,
1461,51,119,
1462,119,2,
1463,2,43,
1464,43,111,
1465,111,6,
1466,6,59,
1467,59,93,
1468,93,50,
1469,50,16,
1470,16,55,
1471,55,82,
1472,82,4,
1473,4,134,
1474,134,42,
1475,42,98,
1476,98,173,
1477,173,39,
1478,39,169,
1479,169,96,
1480,96,47,
1481,47,85,
1482,85,113,
1483,113,141,
1484,141,4,
1485,4,102,
1486,102,123,
1487,123,152,
1488,152,2,
1489,2,27,
1490,27,87,
1491,87,64,
1492,64,126,
1493,126,0,
1494,0,97,
1495,97,44,
1496,44,114,
1497,114,148,
1498,148,107,
1499,107,46,
1500,46,86,
1501,86,1,
1502,1,123,
1503,123,19,
1504,19,58,
1505,58,77,
1506,77,48,
1507,48,84,
1508,84,28,
1509,28,97,
1510,97,162,
1511,162,89,
1512,89,51,
1513,51,130,
1514,130,25,
1515,25,135,
1516,135,179,
1517,179,92,
1518,92,64,
1519,64,7,
1520,7,38,
1521,38,174,
1522,174,21,
1523,21,168,
1524,168,78,
1525,78,103,
1526,103,128,
1527,128,18,
1528,18,141,
1529,141,99,
1530,99,177,
1531,177,102,
1532,102,79,
1533,79,6,
1534,6,126,
1535,126,39,
1536,39,104,
1537,104,121,départ fils
1538,121,142,
1539,142,176,
1540,176,140,
1541,140,102,
1542,102,51,
1543,51,164,
1544,164,99,
1545,99,46,
1546,46,94,
1547,94,70,
1548,70,97,
1549,97,178,
1550,178,30,
1551,30,151,
1552,151,7,
1553,7,108,
1554,108,139,
1555,139,25,
1556,25,121,
1557,121,146,
1558,146,111,
1559,111,133,
1560,133,98,
1561,98,158,
1562,158,86,
1563,86,65,
1564,65,122,
1565,122,36,
1566,36,9,
1567,9,56,
1568,56,88,
1569,88,114,
1570,114,155,
1571,155,46,
1572,46,103,
1573,103,174,
1574,174,72,
1575,72,48,
1576,48,81,
1577,81,54,
1578,54,93,
1579,93,39,
1580,39,162,
1581,162,129,
1582,129,35,
1583,35,10,
1584,10,81,
1585,81,165,
1586,165,48,
1587,48,123,
1588,123,155,
1589,155,129,
1590,129,107,
1591,107,151,
1592,151,22,
1593,22,173,
1594,173,75,
1595,75,168,
1596,168,15,
1597,15,134,
1598,134,100,
1599,100,68,
1600,68,143,
1601,143,110,
1602,110,44,
1603,44,10,
1604,10,96,
1605,96,1,
1606,1,153,
1607,153,118,
1608,118,43,
1609,43,96,
1610,96,26,
1611,26,3,
1612,3,88,
1613,88,63,
1614,63,150,
1615,150,126,
1616,126,98,
1617,98,52,
1618,52,78,
1619,78,164,
1620,164,87,
1621,87,121,
1622,121,38,
1623,38,128,
1624,128,163,
1625,163,28,
1626,28,1,
1627,1,111,
1628,111,59,
1629,59,76,
1630,76,49,
1631,49,90,
1632,90,61,
1633,61,160,
1634,160,117,
1635,117,138,
1636,138,12,
1637,12,170,
1638,170,37,
1639,37,164,
1640,164,67,
1641,67,145,
1642,145,12,
1643,12,155,
1644,155,120,
1645,120,92,
1646,92,28,
1647,28,174,
1648,174,58,
1649,58,95,
1650,95,5,
1651,5,97,
1652,97,136,
1653,136,39,
1654,39,85,
1655,85,66,
1656,66,107,
1657,107,13,
1658,13,101,
1659,101,178,
1660,178,21,
1661,21,54,
1662,54,96,
1663,96,80,
1664,80,44,
1665,44,173,
1666,173,105,
1667,105,46,
1668,46,113,
1669,113,156,
1670,156,61,
1671,61,74,
1672,74,97,
1673,97,117,
1674,117,154,
1675,154,130,
1676,130,150,
1677,150,25,
1678,25,4,
1679,4,61,
1680,61,125,
1681,125,144,
1682,144,171,
1683,171,109,
1684,109,147,
1685,147,42,
1686,42,114,
1687,114,132,
1688,132,112,
1689,112,89,
1690,89,62,
1691,62,100,
1692,100,162,
1693,162,45,
1694,45,95,
1695,95,27,
1696,27,176,
1697,176,55,
1698,55,127,
1699,127,77,
1700,77,172,
1701,172,41,
1702,41,167,
1703,167,83,
1704,83,67,
1705,67,137,
1706,137,119,
1707,119,157,
1708,157,59,
1709,59,91,
1710,91,163,
1711,163,96,
1712,96,118,
1713,118,148,
1714,148,16,
1715,16,47,
1716,47,73,
1717,73,92,
1718,92,78,
1719,78,138,
1720,138,56,
1721,56,121,
1722,121,152,
1723,152,105,
1724,105,51,
1725,51,15,
1726,15,171,
1727,171,10,
1728,10,174,
1729,174,164,
1730,164,90,
1731,90,43,
1732,43,81,
1733,81,108,
1734,108,128,
1735,128,147,
1736,147,124,
1737,124,151,
1738,151,110,
1739,110,10,
1740,10,157,
1741,157,28,
1742,28,149,
1743,149,66,
1744,66,84,
1745,84,166,
1746,166,65,
1747,65,150,
1748,150,108,
1749,108,41,
1750,41,72,
1751,72,159,
1752,159,178,
1753,178,168,
1754,168,36,
1755,36,126,
1756,126,26,
1757,26,179,
1758,179,20,
1759,20,2,
1760,2,94,
1761,94,28,
1762,28,72,
1763,72,63,
1764,63,104,
1765,104,137,
1766,137,87,
1767,87,5,
1768,5,140,
1769,140,122,
1770,122,51,
1771,51,72,
1772,72,169,
1773,169,13,
1774,13,92,
1775,92,55,
1776,55,111,
1777,111,142,
1778,142,101,
1779,101,133,
1780,133,23,
1781,23,168,
1782,168,99,
1783,99,116,
1784,116,155,
1785,155,68,
1786,68,48,
1787,48,114,
1788,114,9,
1789,9,97,
1790,97,78,
1791,78,45,
1792,45,113,
1793,113,57,
1794,57,98,
1795,98,4,
1796,4,116,
1797,116,149,
1798,149,166,
1799,166,145,
1800,145,122,
1801,122,137,
1802,137,155,
1803,155,111,
1804,111,92,
1805,92,71,
1806,71,52,
1807,52,101,
1808,101,72,
1809,72,88,
1810,88,21,
1811,21,50,
1812,50,159,
1813,159,27,
1814,27,127,
1815,127,109,
1816,109,35,
1817,35,166,
1818,166,89,
1819,89,74,
1820,74,46,
1821,46,143,
1822,143,126,
1823,126,101,
1824,101,16,
1825,16,174,
1826,174,166,
1827,166,127,
1828,127,96,
1829,96,49,
1830,49,120,
1831,120,61,
1832,61,103,
1833,103,69,
1834,69,46,
1835,46,17,
1836,17,121,
1837,121,148,
1838,148,2,
1839,2,10,
1840,10,172,
1841,172,31,
1842,31,1,
1843,1,168,
1844,168,88,
1845,88,75,
1846,75,60,
1847,60,132,
1848,132,38,
1849,38,82,
1850,82,44,
1851,44,134,
1852,134,154,
1853,154,61,
1854,61,95,
1855,95,81,
1856,81,51,
1857,51,108,
1858,108,121,
1859,121,97,
1860,97,177,
1861,177,162,
1862,162,171,
1863,171,83,
1864,83,53,
1865,53,114,
1866,114,15,
1867,15,132,
1868,132,2,
1869,2,23,
1870,23,5,
1871,5,101,
1872,101,161,
1873,161,46,
1874,46,178,
1875,178,6,
1876,6,21,
1877,21,142,
1878,142,129,
1879,129,123,
1880,123,33,
1881,33,76,
1882,76,96,
1883,96,12,
1884,12,109,
1885,109,153,
1886,153,19,
1887,19,3,
1888,3,122,
1889,122,154,
1890,154,30,
1891,30,2,
1892,2,89,
1893,89,65,
1894,65,114,
1895,114,158,
1896,158,142,
1897,142,106,
1898,106,84,
1899,84,78,
1900,78,56,
1901,56,141,
1902,141,147,
1903,147,133,
1904,133,123,
1905,123,50,
1906,50,73,
1907,73,62,
1908,62,119,
1909,119,106,
1910,106,44,
1911,44,116,
1912,116,2,
1913,2,162,
1914,162,38,
1915,38,165,
1916,165,73,
1917,73,158,
1918,158,59,
1919,59,66,
1920,66,72,
1921,72,97,
1922,97,102,
1923,102,88,
1924,88,96,
1925,96,175,
1926,175,9,
1927,9,99,
1928,99,179,
1929,179,24,
1930,24,148,
1931,148,123,
1932,123,139,
1933,139,114,
1934,114,150,
1935,150,59,
1936,59,86,
1937,86,170,
1938,170,162,
1939,162,70,
1940,70,172,
1941,172,97,
1942,97,27,
1943,27,174,
1944,174,168,
1945,168,159,
1946,159,141,
1947,141,117,
1948,117,132,
1949,132,102,
1950,102,175,
1951,175,166,
1952,166,156,
1953,156,128,
1954,128,137,
1955,137,153,
1956,153,131,
1957,131,68,
1958,68,81,
1959,81,36,
1960,36,6,
1961,6,14,
1962,14,174,
1963,174,2,
1964,2,10,
1965,10,86,
1966,86,40,
1967,40,107,
1968,107,70,
1969,70,54,
1970,54,125,
1971,125,104,
1972,104,52,
1973,52,90,
1974,90,63,
1975,63,72,
1976,72,78,
1977,78,87,
1978,87,39,
1979,39,140,
1980,140,119,
1981,119,20,
1982,20,170,
1983,170,89,
1984,89,28,
1985,28,126,
1986,126,111,
1987,111,96,
1988,96,102,
1989,102,92,
1990,92,84,
1991,84,45,
1992,45,75,
1993,75,161,
1994,161,81,
1995,81,179,
1996,179,95,
1997,95,157,
1998,157,117,
1999,117,111,
2000,111,104,
2001,104,145,
2002,145,151,
2003,151,109,
2004,109,47,
2005,47,55,
2006,55,25,
2007,25,177,
2008,177,92,
2009,92,149,
2010,149,164,
2011,164,0,
2012,0,80,
2013,80,69,
2014,69,63,
2015,63,57,
2016,57,51,
2017,51,115,
2018,115,8,
2019,8,101,
2020,101,56,
2021,56,21,
2022,21,12,
2023,12,6,
2024,6,170,
2025,170,178,
2026,178,145,
2027,145,116,
2028,116,100,
2029,100,92,
2030,92,62,
2031,62,147,
2032,147,153,
2033,153,123,
2034,123,129,
2035,129,136,
2036,136,26,
2037,26,6,
2038,6,16,
2039,16,96,
2040,96,57,
2041,57,117,
2042,117,123,
2043,123,96,
2044,96,77,
2045,77,115,
2046,115,148,
2047,148,132,
2048,132,42,
2049,42,74,
2050,74,84,
2051,84,78,
2052,78,159,
2053,159,170,
2054,170,52,
2055,52,47,
2056,47,101,
2057,101,11,
2058,11,113,
2059,113,153,
2060,153,162,
2061,162,67,
2062,67,88,
2063,88,84,
2064,84,60,
2065,60,121,
2066,121,105,
2067,105,143,
2068,143,16,
2069,16,130,
2070,130,58,
2071,58,69,
2072,69,76,
2073,76,160,
2074,160,48,
2075,48,88,
2076,88,118,
2077,118,131,
2078,131,137,
2079,137,141,
2080,141,147,
2081,147,25,
2082,25,47,
2083,47,39,
2084,39,175,
2085,175,83,
2086,83,95,
2087,95,3,
2088,3,12,
2089,12,1,
2090,1,163,
2091,163,36,
2092,36,113,
2093,113,149,
2094,149,153,
2095,153,159,
2096,159,89,
2097,89,103,
2098,103,108,
2099,108,114,
2100,114,93,
2101,93,35,
2102,35,61,
2103,61,146,
2104,146,103,
2105,103,2,
2106,2,6,
2107,6,22,
2108,22,169,
2109,169,89,
2110,89,42,
2111,42,154,
2112,154,111,
2113,111,4,
2114,4,73,
2115,73,142,
2116,142,137,
2117,137,133,
2118,133,129,
2119,129,123,
2120,123,104,
2121,104,54,
2122,54,113,
2123,113,98,
2124,98,15,
2125,15,167,
2126,167,179,
2127,179,76,
2128,76,87,
2129,87,57,
2130,57,51,
2131,51,43,
2132,43,61,
2133,61,66,
2134,66,71,
2135,71,89,
2136,89,96,
2137,96,92,
2138,92,88,
2139,88,84,
2140,84,78,
2141,78,151,
2142,151,24,
2143,24,139,
2144,139,29,
2145,29,16,
2146,16,10,
2147,10,6,
2148,6,178,
2149,178,174,
2150,174,168,
2151,168,162,
2152,162,133,
2153,133,141,
2154,141,147,
2155,147,153,
2156,153,23,
2157,23,48,
2158,48,95,
2159,95,119,
2160,119,114,
2161,114,152,
2162,152,138,
2163,138,121,
2164,121,117,
2165,117,144,
2166,144,15,
2167,15,178,
2168,178,2,
2169,2,86,
2170,86,179,
2171,179,101,
2172,101,51,
2173,51,134,
2174,134,110,
2175,110,34,
2176,34,126,
2177,126,59,
2178,59,147,
2179,147,115,
2180,115,131,
2181,131,67,
2182,67,42,
2183,42,96,
2184,96,102,
2185,102,108,
2186,108,114,
2187,114,111,
2188,111,46,
2189,46,66,
2190,66,153,
2191,153,11,
2192,11,173,
2193,173,168,
2194,168,97,
2195,97,64,
2196,64,69,
2197,69,130,
2198,130,119,
2199,119,123,
2200,123,129,
2201,129,133,
2202,133,62,
2203,62,77,
2204,77,72,
2205,72,145,
2206,145,141,
2207,141,137,
2208,137,57,
2209,57,135,
2210,135,153,
2211,153,166,
2212,166,162,
2213,162,156,
2214,156,145,
2215,145,129,
2216,129,125,
2217,125,146,
2218,146,102,
2219,102,76,
2220,76,164,
2221,164,175,
2222,175,94,
2223,94,108,
2224,108,104,
2225,104,88,
2226,88,84,
2227,84,80,
2228,80,177,
2229,177,32,
2230,32,80,
2231,80,59,
2232,59,51,
2233,51,47,
2234,47,106,
2235,106,51,
2236,51,47,
2237,47,42,
2238,42,168,
2239,168,4,
2240,4,18,
2241,18,24,
2242,24,29,
2243,29,0,
2244,0,19,
2245,19,14,
2246,14,1,
2247,1,97,
2248,97,75,
2249,75,167,
2250,167,155,
2251,155,118,
2252,118,142,
2253,142,104,
2254,104,86,
2255,86,3,
2256,3,60,
2257,60,48,
2258,48,73,
2259,73,78,
2260,78,95,
2261,95,69,
2262,69,66,
2263,66,59,
2264,59,63,
2265,63,98,
2266,98,170,
2267,170,174,
2268,174,178,
2269,178,174,
2270,174,96,
2271,96,100,
2272,100,122,
2273,122,49,
2274,49,99,
2275,99,162,
2276,162,81,
2277,81,24,
2278,24,5,
2279,5,93,
2280,93,88,
2281,88,37,
2282,37,43,
2283,43,85,
2284,85,171,
2285,171,89,
2286,89,1,
2287,1,6,
2288,6,10,
2289,10,18,
2290,18,111,
2291,111,106,
2292,106,102,
2293,102,148,
2294,148,153,
2295,153,121,
2296,121,52,
2297,52,115,
2298,115,133,
2299,133,137,
2300,137,54,
2301,54,84,
2302,84,80,
2303,80,172,
2304,172,21,
2305,21,27,
2306,27,150,
2307,150,111,
2308,111,117,
2309,117,121,
2310,121,130,
2311,130,103,
2312,103,139,
2313,139,151,
2314,151,147,
2315,147,142,
2316,142,120,
2317,120,105,
2318,105,149,
2319,149,57,
2320,57,70,
2321,70,50,
2322,50,57,
2323,57,41,
2324,41,91,
2325,91,3,
2326,3,28,
2327,28,17,
2328,17,12,
2329,12,7,
2330,7,103,
2331,103,92,
2332,92,96,
2333,96,100,
2334,100,178,
2335,178,2,
2336,2,6,
2337,6,2,
2338,2,170,
2339,170,94,
2340,94,84,
2341,84,88,
2342,88,7,
2343,7,94,
2344,94,110,
2345,110,152,
2346,152,124,
2347,124,68,
2348,68,78,
2349,78,74,
2350,74,69,
2351,69,72,
2352,72,76,
2353,76,165,
2354,165,159,
2355,159,154,
2356,154,4,
2357,4,27,
2358,27,92,
2359,92,88,
2360,88,115,
2361,115,145,
2362,145,141,
2363,141,137,
2364,137,40,
2365,40,174,
2366,174,170,
2367,170,161,
2368,161,166,
2369,166,177,
2370,177,98,
2371,98,134,
2372,134,59,
2373,59,63,
2374,63,48,
2375,48,80,
2376,80,84,
2377,84,65,
2378,65,151,
2379,151,131,
2380,131,98,
2381,98,115,
2382,115,125,
2383,125,129,
2384,129,133,
2385,133,113,
2386,113,150,
2387,150,67,
2388,67,57,
2389,57,79,
2390,79,158,
2391,158,153,
2392,153,149,
2393,149,127,
2394,127,110,
2395,110,135,
2396,135,149,
2397,149,86,
2398,86,47,
2399,47,43,
2400,43,39,
2401,39,35,
2402,35,16,
2403,16,12,
2404,12,71,
2405,71,45,
2406,45,51,
2407,51,55,
2408,55,61,
2409,61,85,
2410,85,42,
2411,42,76,
2412,76,80,
2413,80,95,
2414,95,176,
2415,176,82,
2416,82,105,
2417,105,148,
2418,148,140,
2419,140,174,
2420,174,170,
2421,170,158,
2422,158,143,
2423,143,107,
2424,107,111,
2425,111,114,
2426,114,117,
2427,117,114,
2428,114,102,
2429,102,106,
2430,106,137,
2431,137,141,
2432,141,107,
2433,107,136,
2434,136,67,
2435,67,146,
2436,146,63,
2437,63,66,
2438,66,163,
2439,163,166,
2440,166,92,
2441,92,96,
2442,96,102,
2443,102,40,
2444,40,72,
2445,72,69,
2446,69,66,
2447,66,63,
2448,63,59,
2449,59,96,
2450,96,15,
2451,15,108,
2452,108,152,
2453,152,156,
2454,156,159,
2455,159,76,
2456,76,72,
2457,72,103,
2458,103,176,
2459,176,30,
2460,30,24,
2461,24,21,
2462,21,18,
2463,18,7,
2464,7,177,
2465,177,75,
2466,75,156,
2467,156,136,
2468,136,123,
2469,123,119,
2470,119,123,
2471,123,128,
2472,128,47,
2473,47,51,
2474,51,55,
2475,55,91,
2476,91,81,
2477,81,47,
2478,47,119,
2479,119,152,
2480,152,129,
2481,129,133,
2482,133,129,
2483,129,125,
2484,125,135,
2485,135,109,
2486,109,1,
2487,1,166,
2488,166,162,
2489,162,74,
2490,74,48,
2491,48,168,
2492,168,179,
2493,179,9,
2494,9,93,
2495,93,67,
2496,67,82,
2497,82,1,
2498,1,94,
2499,94,63,
2500,63,66,
2501,66,97,
2502,97,3,
2503,3,101,
2504,101,65,
2505,65,144,
2506,144,147,
2507,147,151,
2508,151,112,
2509,112,147,
2510,147,151,
2511,151,123,
2512,123,111,
2513,111,108,
2514,108,104,
2515,104,100,
2516,100,96,
2517,96,92,
2518,92,76,
2519,76,80,
2520,80,84,
2521,84,88,
2522,88,84,
2523,84,46,
2524,46,62,
2525,62,159,
2526,159,162,
2527,162,128,
2528,128,146,
2529,146,106,
2530,106,74,
2531,74,78,
2532,78,101,
2533,101,177,
2534,177,174,
2535,174,178,
2536,178,17,
2537,17,21,
2538,21,24,
2539,24,27,
2540,27,24,
2541,24,43,
2542,43,39,
2543,39,122,
2544,122,125,
2545,125,129,
2546,129,17,
2547,17,14,
2548,14,10,
2549,10,6,
2550,6,2,
2551,2,6,
2552,6,10,
2553,10,116,
2554,116,119,
2555,119,108,
2556,108,111,
2557,111,114,
2558,114,117,
2559,117,53,
2560,53,100,
2561,100,102,
2562,102,90,
2563,90,76,
2564,76,173,
2565,173,87,
2566,87,23,
2567,23,45,
2568,45,64,
2569,64,155,
2570,155,115,
2571,115,143,
2572,143,123,
2573,123,125,
2574,125,23,
2575,23,89,
2576,89,49,
2577,49,104,
2578,104,108,
2579,108,111,
2580,111,134,
2581,134,2,
2582,2,178,
2583,178,174,
2584,174,170,
2585,170,167,
2586,167,170,
2587,170,14,
2588,14,175,
2589,175,19,
2590,19,107,
2591,107,145,
2592,145,141,
2593,141,137,
2594,137,133,
2595,133,129,
2596,129,125,
2597,125,148,
2598,148,106,
2599,106,102,
2600,102,44,
2601,44,78,
2602,78,80,
2603,80,84,
2604,84,88,
2605,88,165,
2606,165,82,
2607,82,37,
2608,37,27,
2609,27,31,
2610,31,35,
2611,35,39,
2612,39,43,
2613,43,47,
2614,47,51,
2615,51,55,
2616,55,59,
2617,59,57,
2618,57,61,
2619,61,63,
2620,63,66,
2621,66,69,
2622,69,72,
2623,72,76,
2624,76,50,
2625,50,119,
2626,119,122,
2627,122,153,
2628,153,156,
2629,156,153,
2630,153,107,
2631,107,55,
2632,55,69,
2633,69,72,
2634,72,76,
2635,76,94,
2636,94,11,
2637,11,179,
2638,179,161,
2639,161,87,
2640,87,92,
2641,92,96,
2642,96,100,
2643,100,118,
2644,118,51,
2645,51,47,
2646,47,51,
2647,51,78,
2648,78,80,
2649,80,84,
2650,84,88,
2651,88,175,
2652,175,12,
2653,12,10,
2654,10,6,
2655,6,2,
2656,2,6,
2657,6,10,
2658,10,6,
2659,6,92,
2660,92,96,
2661,96,68,
2662,68,79,
2663,79,49,
2664,49,77,
2665,77,166,
2666,166,168,
2667,168,170,
2668,170,174,
2669,174,170,
2670,170,157,
2671,157,74,
2672,74,63,
2673,63,66,
2674,66,69,
2675,69,66,
2676,66,95,
2677,95,6,
2678,6,35,
2679,35,39,
2680,39,147,
2681,147,145,
2682,145,141,
2683,141,137,
2684,137,56,
2685,56,97,
2686,97,100,
2687,100,102,
2688,102,125,
2689,125,129,
2690,129,133,
2691,133,152,
2692,152,149,
2693,149,147,
2694,147,120,
2695,120,99,
2696,99,123,
2697,123,121,
2698,121,117,
2699,117,114,
2700,114,111,
2701,111,108,
2702,108,106,
2703,106,143,
2704,143,155,
2705,155,128,
2706,128,96,
2707,96,92,
2708,92,96,
2709,96,100,
2710,100,111,
2711,111,114,
2712,114,146,
2713,146,58,
2714,58,137,
2715,137,141,
2716,141,145,
2717,145,147,
2718,147,149,
2719,149,153,
2720,153,112,
2721,112,149,
2722,149,152,
2723,152,120,
2724,120,36,
2725,36,170,
2726,170,174,
2727,174,178,
2728,178,18,
2729,18,21,
2730,21,24,
2731,24,27,
2732,27,29,
2733,29,164,
2734,164,162,
2735,162,159,
2736,159,156,
2737,156,153,
2738,153,151,
2739,151,136,
2740,136,118,
2741,118,53,
2742,53,113,
2743,113,140,
2744,140,177,
2745,177,85,
2746,85,64,
2747,64,49,
2748,49,87,
2749,87,103,
2750,103,106,
2751,106,108,
2752,108,111,
2753,111,114,
2754,114,117,
2755,117,119,
2756,119,103,
2757,103,140,
2758,140,125,
2759,125,123,
2760,123,121,
2761,121,134,
2762,134,63,
2763,63,59,
2764,59,129,
2765,129,133,
2766,133,129,
2767,129,125,
2768,125,123,
2769,123,119,
2770,119,117,
2771,117,114,
2772,114,111,
2773,111,114,
2774,114,111,
2775,111,114,
2776,114,157,
2777,157,66,
2778,66,69,
2779,69,72,
2780,72,74,
2781,74,78,
2782,78,80,
2783,80,84,
2784,84,80,
2785,80,99,
2786,99,0,
2787,0,13,
2788,13,16,
2789,16,172,
2790,172,83,
2791,83,80,
2792,80,78,
2793,78,76,
2794,76,74,
2795,74,72,
2796,72,69,
2797,69,66,
2798,66,69,
2799,69,66,
2800,66,63,
2801,63,61,
2802,61,58,
2803,58,92,
2804,92,88,
2805,88,84,
2806,84,88,
2807,88,108,
2808,108,111,
2809,111,114,
2810,114,117,
2811,117,104,
2812,104,102,
2813,102,100,
2814,100,96,
2815,96,5,
2816,5,173,
2817,173,170,
2818,170,168,
2819,168,164,
2820,164,166,
2821,166,163,
2822,163,71,
2823,71,56,
2824,56,75,
2825,75,95,
2826,95,57,
2827,57,55,
2828,55,51,
2829,51,47,
2830,47,126,
2831,126,107,
2832,107,104,
2833,104,138,
2834,138,53,
2835,53,122,
2836,122,119,
2837,119,117,
2838,117,54,
2839,54,135,
2840,135,120,
2841,120,150,
2842,150,29,
2843,29,178,
2844,178,174,
2845,174,170,
2846,170,168,
2847,168,2,
2848,2,6,
2849,6,10,
2850,10,12,
2851,12,14,
2852,14,17,
2853,17,16,
2854,16,18,
2855,18,21,
2856,21,177,
2857,177,72,
2858,72,69,
2859,69,66,
2860,66,69,
2861,69,66,
2862,66,63,
2863,63,61,
2864,61,59,
2865,59,61,
2866,61,86,
2867,86,171,
2868,171,161,
2869,161,159,
2870,159,156,
2871,156,153,
2872,153,151,
2873,151,149,
2874,149,147,
2875,147,145,
2876,145,141,
2877,141,145,
2878,145,141,
2879,141,137,
2880,137,141,
2881,141,145,
2882,145,147,
2883,147,149,
2884,149,147,
2885,147,145,
2886,145,113,
2887,113,73,
2888,73,162,
2889,162,164,
2890,164,162,
2891,162,164,
2892,164,166,
2893,166,168,
2894,168,170,
2895,170,174,
2896,174,80,
2897,80,84,
2898,84,88,
2899,88,78,
2900,78,76,
2901,76,74,
2902,74,72,
2903,72,69,
2904,69,66,
2905,66,90,
2906,90,104,
2907,104,102,
2908,102,100,
2909,100,96,
2910,96,92,
2911,92,96,
2912,96,100,
2913,100,12,
2914,12,10,
2915,10,6,
2916,6,2,
2917,2,6,
2918,6,10,
2919,10,0,
2920,0,55,
2921,55,57,
2922,57,59,
2923,59,61,
2924,61,63,
2925,63,66,
2926,66,43,
2927,43,47,
2928,47,51,
2929,51,55,
2930,55,51,
2931,51,55,
2932,55,48,
2933,48,51,
2934,51,97,
2935,97,135,
2936,135,115,
2937,115,134,
2938,134,155,
2939,155,144,
2940,144,44,
2941,44,50,
2942,50,87,
2943,87,70,
2944,70,85,
2945,85,175,
2946,175,10,
2947,10,6,
2948,6,2,
2949,2,6,
2950,6,141,
2951,141,137,
2952,137,116,
2953,116,53,
2954,53,93,
2955,93,4,
2956,4,169,
2957,169,176,
2958,176,23,
2959,23,6,
2960,6,10,
2961,10,12,
2962,12,14,
2963,14,16,
2964,16,0,
2965,0,101,
2966,101,117,
2967,117,114,
2968,114,111,
2969,111,108,
2970,108,106,
2971,106,104,
2972,104,102,
2973,102,100,
2974,100,96,
2975,96,92,
2976,92,108,
2977,108,106,
2978,106,104,
2979,104,144,
2980,144,121,
2981,121,119,
2982,119,117,
2983,117,114,
2984,114,111,
2985,111,53,
2986,53,78,
2987,78,76,
2988,76,74,
2989,74,72,
2990,72,74,
2991,74,160,
2992,160,162,
2993,162,164,
2994,164,166,
2995,166,168,
2996,168,170,
2997,170,173,
2998,173,170,
2999,170,168,
3000,168,166,
3001,166,168,
3002,168,80,
3003,80,78,
3004,78,76,
3005,76,74,
3006,74,72,
3007,72,69,
3008,69,66,
3009,66,150,
3010,150,140,
3011,140,133,
3012,133,22,
3013,22,24,
3014,24,27,
3015,27,29,
3016,29,31,
3017,31,31,
