"","V1","V2"
"1",76,149
"2",149,72
"3",72,153
"4",153,76
"5",76,175
"6",175,77
"7",77,148
"8",148,79
"9",79,146
"10",146,72
"11",72,173
"12",173,73
"13",73,152
"14",152,78
"15",78,147
"16",147,80
"17",80,145
"18",145,74
"19",74,151
"20",151,76
"21",76,140
"22",140,85
"23",85,158
"24",158,84
"25",84,157
"26",157,82
"27",82,143
"28",143,63
"29",63,162
"30",162,87
"31",87,159
"32",159,88
"33",88,158
"34",158,67
"35",67,130
"36",130,57
"37",57,138
"38",138,74
"39",74,174
"40",174,75
"41",75,150
"42",150,78
"43",78,176
"44",176,77
"45",77,154
"46",154,71
"47",71,171
"48",171,70
"49",70,155
"50",155,79
"51",79,3
"52",3,82
"53",82,150
"54",150,79
"55",79,144
"56",144,81
"57",81,156
"58",156,69
"59",69,167
"60",167,68
"61",68,157
"62",157,80
"63",80,178
"64",178,72
"65",72,134
"66",134,53
"67",53,126
"68",126,52
"69",52,125
"70",125,10
"71",10,109
"72",109,26
"73",26,118
"74",118,47
"75",47,119
"76",119,48
"77",48,121
"78",121,49
"79",49,122
"80",122,13
"81",13,133
"82",133,2
"83",2,78
"84",78,149
"85",149,83
"86",83,142
"87",142,61
"88",61,164
"89",164,87
"90",87,138
"91",138,65
"92",65,160
"93",160,36
"94",36,159
"95",159,66
"96",66,128
"97",128,7
"98",7,126
"99",126,9
"100",9,128
"101",128,53
"102",53,124
"103",124,11
"104",11,110
"105",110,25
"106",25,100
"107",100,8
"108",8,127
"109",127,51
"110",51,124
"111",124,63
"112",63,136
"113",136,74
"114",74,152
"115",152,85
"116",85,6
"117",6,129
"118",129,49
"119",49,117
"120",117,18
"121",18,138
"122",138,71
"123",71,150
"124",150,74
"125",74,179
"126",179,82
"127",82,4
"128",4,131
"129",131,52
"130",52,118
"131",118,17
"132",17,137
"133",137,88
"134",88,165
"135",165,60
"136",60,123
"137",123,12
"138",12,111
"139",111,24
"140",24,116
"141",116,19
"142",19,149
"143",149,80
"144",80,143
"145",143,70
"146",70,146
"147",146,81
"148",81,1
"149",1,134
"150",134,75
"151",75,0
"152",0,135
"153",135,71
"154",71,169
"155",169,68
"156",68,166
"157",166,90
"158",90,163
"159",163,62
"160",62,161
"161",161,64
"162",64,126
"163",126,47
"164",47,108
"165",108,27
"166",27,154
"167",154,78
"168",78,145
"169",145,82
"170",82,156
"171",156,31
"172",31,104
"173",104,8
"174",8,129
"175",129,69
"176",69,148
"177",148,74
"178",74,141
"179",141,84
"180",84,5
"181",5,130
"182",130,55
"183",55,112
"184",112,23
"185",23,118
"186",118,2
"187",2,80
"188",80,177
"189",177,70
"190",70,172
"191",172,53
"192",53,121
"193",121,14
"194",14,98
"195",98,37
"196",37,161
"197",161,35
"198",35,100
"199",100,168
"200",168,57
"201",57,120
"202",120,40
"203",40,95
"204",95,164
"205",164,92
"206",92,166
"207",166,39
"208",39,96
"209",96,21
"210",21,114
"211",114,172
"212",172,111
"213",111,176
"214",176,75
"215",75,137
"216",137,27
"217",27,102
"218",102,33
"219",33,106
"220",106,29
"221",29,140
"222",140,59
"223",59,159
"224",159,90
"225",90,2
"226",2,119
"227",119,16
"228",16,136
"229",136,89
"230",89,3
"231",3,132
"232",132,53
"233",53,125
"234",125,6
"235",6,124
"236",124,42
"237",42,93
"238",93,165
"239",165,39
"240",39,118
"241",118,56
"242",56,117
"243",117,61
"244",61,144
"245",144,75
"246",75,147
"247",147,16
"248",16,149
"249",149,18
"250",18,94
"251",94,41
"252",41,122
"253",122,50
"254",50,152
"255",152,24
"256",24,131
"257",131,11
"258",11,107
"259",107,28
"260",28,131
"261",131,50
"262",50,175
"263",175,120
"264",120,15
"265",15,100
"266",100,159
"267",159,83
"268",83,152
"269",152,49
"270",49,176
"271",176,68
"272",68,131
"273",131,72
"274",72,170
"275",170,112
"276",112,10
"277",10,103
"278",103,32
"279",32,157
"280",157,101
"281",101,34
"282",34,158
"283",158,93
"284",93,148
"285",148,84
"286",84,143
"287",143,31
"288",31,151
"289",151,73
"290",73,169
"291",169,56
"292",56,113
"293",113,22
"294",22,95
"295",95,156
"296",156,53
"297",53,122
"298",122,4
"299",4,80
"300",80,153
"301",153,26
"302",26,135
"303",135,55
"304",55,170
"305",170,67
"306",67,132
"307",132,12
"308",12,113
"309",113,60
"310",60,115
"311",115,20
"312",20,150
"313",150,81
"314",81,148
"315",148,88
"316",88,141
"317",141,78
"318",78,155
"319",155,102
"320",102,47
"321",47,105
"322",105,30
"323",30,158
"324",158,107
"325",107,50
"326",50,123
"327",123,176
"328",176,125
"329",125,50
"330",50,101
"331",101,2
"332",2,76
"333",76,172
"334",172,71
"335",71,179
"336",179,136
"337",136,84
"338",84,179
"339",179,128
"340",128,29
"341",29,130
"342",130,10
"343",10,133
"344",133,92
"345",92,43
"346",43,116
"347",116,57
"348",57,157
"349",157,81
"350",81,143
"351",143,87
"352",87,8
"353",8,98
"354",98,42
"355",42,121
"356",121,4
"357",4,106
"358",106,170
"359",170,40
"360",40,167
"361",167,58
"362",58,128
"363",128,55
"364",55,107
"365",107,162
"366",162,36
"367",36,99
"368",99,41
"369",41,125
"370",125,5
"371",5,53
"372",53,137
"373",137,178
"374",178,47
"375",47,149
"376",149,70
"377",70,128
"378",128,14
"379",14,134
"380",134,91
"381",91,44
"382",44,1
"383",1,117
"384",117,47
"385",47,88
"386",88,176
"387",176,122
"388",122,65
"389",65,164
"390",164,39
"391",39,113
"392",113,165
"393",165,86
"394",86,139
"395",139,60
"396",60,149
"397",149,77
"398",77,146
"399",146,94
"400",94,147
"401",147,48
"402",48,177
"403",177,138
"404",138,31
"405",31,162
"406",162,91
"407",91,166
"408",166,112
"409",112,61
"410",61,121
"411",121,66
"412",66,165
"413",165,115
"414",115,62
"415",62,123
"416",123,23
"417",23,151
"418",151,19
"419",19,153
"420",153,51
"421",51,174
"422",174,66
"423",66,144
"424",144,25
"425",25,80
"426",80,1
"427",1,131
"428",131,80
"429",80,146
"430",146,14
"431",14,150
"432",150,73
"433",73,168
"434",168,40
"435",40,122
"436",122,1
"437",1,76
"438",76,136
"439",136,31
"440",31,158
"441",158,56
"442",56,106
"443",106,19
"444",19,112
"445",112,50
"446",50,104
"447",104,48
"448",48,127
"449",127,76
"450",76,23
"451",23,98
"452",98,50
"453",50,121
"454",121,174
"455",174,126
"456",126,82
"457",82,141
"458",141,8
"459",8,56
"460",56,129
"461",129,30
"462",30,164
"463",164,116
"464",116,49
"465",49,99
"466",99,1
"467",1,88
"468",88,29
"469",29,139
"470",139,176
"471",176,100
"472",100,166
"473",166,109
"474",109,36
"475",36,161
"476",161,28
"477",28,100
"478",100,40
"479",40,145
"480",145,97
"481",97,38
"482",38,163
"483",163,35
"484",35,108
"485",108,156
"486",156,101
"487",101,7
"488",7,86
"489",86,145
"490",145,32
"491",32,152
"492",152,75
"493",75,3
"494",3,42
"495",42,96
"496",96,146
"497",146,58
"498",58,11
"499",11,144
"500",144,98
"501",98,46
"502",46,89
"503",89,164
"504",164,101
"505",101,162
"506",162,110
"507",110,62
"508",62,16
"509",16,152
"510",152,20
"511",20,149
"512",149,92
"513",92,40
"514",40,143
"515",143,78
"516",78,177
"517",177,124
"518",124,44
"519",44,118
"520",118,60
"521",60,125
"522",125,175
"523",175,110
"524",110,47
"525",47,148
"526",148,73
"527",73,21
"528",21,111
"529",111,61
"530",61,160
"531",160,30
"532",30,167
"533",167,65
"534",65,127
"535",127,173
"536",173,52
"537",52,103
"538",103,169
"539",169,39
"540",39,146
"541",146,74
"542",74,25
"543",25,156
"544",156,85
"545",85,137
"546",137,62
"547",62,108
"548",108,154
"549",154,18
"550",18,140
"551",140,84
"552",84,18
"553",18,93
"554",93,132
"555",132,0
"556",0,45
"557",45,118
"558",118,78
"559",78,163
"560",163,106
"561",106,59
"562",59,166
"563",166,31
"564",31,169
"565",169,47
"566",47,143
"567",143,76
"568",76,145
"569",145,68
"570",68,149
"571",149,46
"572",46,179
"573",179,73
"574",73,26
"575",26,145
"576",145,104
"577",104,143
"578",143,89
"579",89,6
"580",6,54
"581",54,171
"582",171,115
"583",115,13
"584",13,152
"585",152,72
"586",72,27
"587",27,84
"588",84,130
"589",130,95
"590",95,12
"591",12,73
"592",73,137
"593",137,5
"594",5,123
"595",123,0
"596",0,116
"597",116,76
"598",76,148
"599",148,17
"600",17,63
"601",63,114
"602",114,57
"603",57,124
"604",124,49
"605",49,120
"606",120,67
"607",67,166
"608",166,97
"609",97,51
"610",51,100
"611",100,22
"612",22,131
"613",131,9
"614",9,113
"615",113,162
"616",162,25
"617",25,103
"618",103,30
"619",30,82
"620",82,133
"621",133,179
"622",179,40
"623",40,89
"624",89,135
"625",135,90
"626",90,45
"627",45,150
"628",150,21
"629",21,132
"630",132,16
"631",16,110
"632",110,68
"633",68,158
"634",158,113
"635",113,24
"636",24,75
"637",75,173
"638",173,38
"639",38,119
"640",119,42
"641",42,178
"642",178,134
"643",134,3
"644",3,120
"645",120,80
"646",80,142
"647",142,7
"648",7,52
"649",52,96
"650",96,129
"651",129,47
"652",47,97
"653",97,24
"654",24,153
"655",153,15
"656",15,135
"657",135,38
"658",38,110
"659",110,50
"660",50,108
"661",108,19
"662",19,139
"663",139,89
"664",89,22
"665",22,130
"666",130,172
"667",172,128
"668",128,43
"669",43,2
"670",2,70
"671",70,147
"672",147,82
"673",82,124
"674",124,74
"675",74,143
"676",143,99
"677",99,6
"678",6,110
"679",110,153
"680",153,12
"681",12,59
"682",59,150
"683",150,17
"684",17,67
"685",67,22
"686",22,77
"687",77,142
"688",142,94
"689",94,40
"690",40,86
"691",86,49
"692",49,145
"693",145,13
"694",13,150
"695",150,65
"696",65,106
"697",106,51
"698",51,119
"699",119,163
"700",163,64
"701",64,168
"702",168,29
"703",29,155
"704",155,107
"705",107,173
"706",173,64
"707",64,110
"708",110,169
"709",169,123
"710",123,40
"711",40,97
"712",97,128
"713",128,48
"714",48,87
"715",87,140
"716",140,175
"717",175,39
"718",39,133
"719",133,60
"720",60,105
"721",105,9
"722",9,88
"723",88,136
"724",136,82
"725",82,178
"726",178,113
"727",113,48
"728",48,146
"729",146,83
"730",83,29
"731",29,133
"732",133,90
"733",90,39
"734",39,167
"735",167,46
"736",46,150
"737",150,19
"738",19,143
"739",143,93
"740",93,24
"741",24,143
"742",143,38
"743",38,170
"744",170,28
"745",28,122
"746",122,170
"747",170,60
"748",60,112
"749",112,164
"750",164,118
"751",118,57
"752",57,9
"753",9,150
"754",150,16
"755",16,85
"756",85,50
"757",50,95
"758",95,4
"759",4,41
"760",41,120
"761",120,55
"762",55,109
"763",109,69
"764",69,143
"765",143,62
"766",62,103
"767",103,1
"768",1,121
"769",121,178
"770",178,129
"771",129,23
"772",23,158
"773",158,82
"774",82,149
"775",149,75
"776",75,115
"777",115,46
"778",46,117
"779",117,74
"780",74,1
"781",1,50
"782",50,111
"783",111,166
"784",166,40
"785",40,5
"786",5,106
"787",106,57
"788",57,103
"789",103,142
"790",142,30
"791",30,137
"792",137,70
"793",70,25
"794",25,92
"795",92,15
"796",15,151
"797",151,12
"798",12,80
"799",80,32
"800",32,159
"801",159,80
"802",80,151
"803",151,8
"804",8,146
"805",146,85
"806",85,129
"807",129,10
"808",10,145
"809",145,100
"810",100,46
"811",46,132
"812",132,71
"813",71,24
"814",24,104
"815",104,141
"816",141,31
"817",31,81
"818",81,140
"819",140,78
"820",78,129
"821",129,170
"822",170,70
"823",70,159
"824",159,18
"825",18,78
"826",78,24
"827",24,120
"828",120,162
"829",162,80
"830",80,38
"831",38,176
"832",176,135
"833",135,92
"834",92,157
"835",157,114
"836",114,59
"837",59,13
"838",13,137
"839",137,38
"840",38,117
"841",117,77
"842",77,179
"843",179,120
"844",120,47
"845",47,147
"846",147,84
"847",84,127
"848",127,98
"849",98,59
"850",59,175
"851",175,124
"852",124,168
"853",168,39
"854",39,172
"855",172,48
"856",48,96
"857",96,8
"858",8,74
"859",74,153
"860",153,11
"861",11,109
"862",109,171
"863",171,36
"864",36,164
"865",164,32
"866",32,171
"867",171,78
"868",78,115
"869",115,58
"870",58,158
"871",158,19
"872",19,65
"873",65,129
"874",129,82
"875",82,138
"876",138,2
"877",2,52
"878",52,154
"879",154,80
"880",80,148
"881",148,43
"882",43,103
"883",103,149
"884",149,108
"885",108,70
"886",70,18
"887",18,148
"888",148,110
"889",110,54
"890",54,127
"891",127,15
"892",15,61
"893",61,151
"894",151,72
"895",72,22
"896",22,110
"897",110,60
"898",60,161
"899",161,69
"900",69,3
"901",3,43
"902",43,122
"903",122,82
"904",82,151
"905",151,77
"906",77,144
"907",144,88
"908",88,40
"909",40,91
"910",91,136
"911",136,86
"912",86,0
"913",0,138
"914",138,90
"915",90,12
"916",12,56
"917",56,16
"918",16,113
"919",113,34
"920",34,162
"921",162,117
"922",117,170
"923",170,51
"924",51,84
"925",84,149
"926",149,98
"927",98,177
"928",177,37
"929",37,106
"930",106,67
"931",67,153
"932",153,8
"933",8,133
"934",133,25
"935",25,66
"936",66,108
"937",108,38
"938",38,162
"939",162,21
"940",21,152
"941",152,46
"942",46,125
"943",125,167
"944",167,27
"945",27,125
"946",125,83
"947",83,40
"948",40,119
"949",119,57
"950",57,136
"951",136,101
"952",101,62
"953",62,109
"954",109,51
"955",51,157
"956",157,35
"957",35,174
"958",174,141
"959",141,95
"960",95,53
"961",53,139
"962",139,178
"963",178,127
"964",127,22
"965",22,121
"966",121,46
"967",46,103
"968",103,64
"969",64,157
"970",157,26
"971",26,101
"972",101,143
"973",143,10
"974",10,154
"975",154,32
"976",32,165
"977",165,43
"978",43,126
"979",126,99
"980",99,47
"981",47,92
"982",92,38
"983",38,121
"984",121,161
"985",161,16
"986",16,134
"987",134,70
"988",70,105
"989",105,140
"990",140,89
"991",89,149
"992",149,14
"993",14,87
"994",87,40
"995",40,111
"996",111,8
"997",8,50
"998",50,115
"999",115,25
"1000",25,75
"1001",75,142
"1002",142,173
"1003",173,30
"1004",30,76
"1005",76,0
"1006",0,130
"1007",130,169
"1008",169,94
"1009",94,131
"1010",131,90
"1011",90,30
"1012",30,172
"1013",172,69
"1014",69,24
"1015",24,160
"1016",160,32
"1017",32,168
"1018",168,115
"1019",115,156
"1020",156,80
"1021",80,17
"1022",17,160
"1023",160,89
"1024",89,48
"1025",48,118
"1026",118,166
"1027",166,89
"1028",89,132
"1029",132,59
"1030",59,108
"1031",108,173
"1032",173,122
"1033",122,8
"1034",8,94
"1035",94,55
"1036",55,7
"1037",7,147
"1038",147,42
"1039",42,1
"1040",1,119
"1041",119,70
"1042",70,142
"1043",142,85
"1044",85,144
"1045",144,39
"1046",39,101
"1047",101,65
"1048",65,178
"1049",178,76
"1050",76,113
"1051",113,72
"1052",72,2
"1053",2,135
"1054",135,96
"1055",96,140
"1056",140,16
"1057",16,107
"1058",107,159
"1059",159,35
"1060",35,140
"1061",140,45
"1062",45,106
"1063",106,53
"1064",53,11
"1065",11,70
"1066",70,151
"1067",151,113
"1068",113,62
"1069",62,120
"1070",120,38
"1071",38,7
"1072",7,152
"1073",152,112
"1074",112,78
"1075",78,39
"1076",39,6
"1077",6,148
"1078",148,15
"1079",15,146
"1080",146,41
"1081",41,2
"1082",2,126
"1083",126,165
"1084",165,28
"1085",28,69
"1086",69,168
"1087",168,104
"1088",104,63
"1089",63,98
"1090",98,140
"1091",140,179
"1092",179,104
"1093",104,55
"1094",55,138
"1095",138,101
"1096",101,42
"1097",42,143
"1098",143,56
"1099",56,176
"1100",176,133
"1101",133,73
"1102",73,145
"1103",145,59
"1104",59,123
"1105",123,49
"1106",49,3
"1107",3,53
"1108",53,99
"1109",99,24
"1110",24,118
"1111",118,86
"1112",86,18
"1113",18,64
"1114",64,115
"1115",115,40
"1116",40,162
"1117",162,15
"1118",15,55
"1119",55,98
"1120",98,159
"1121",159,28
"1122",28,169
"1123",169,23
"1124",23,134
"1125",134,102
"1126",102,63
"1127",63,118
"1128",118,156
"1129",156,77
"1130",77,177
"1131",177,132
"1132",132,78
"1133",78,138
"1134",138,43
"1135",43,0
"1136",0,51
"1137",51,113
"1138",113,70
"1139",70,167
"1140",167,24
"1141",24,123
"1142",123,172
"1143",172,143
"1144",143,60
"1145",60,129
"1146",129,13
"1147",13,46
"1148",46,119
"1149",119,79
"1150",79,111
"1151",111,171
"1152",171,27
"1153",27,68
"1154",68,138
"1155",138,6
"1156",6,153
"1157",153,82
"1158",82,118
"1159",118,50
"1160",50,91
"1161",91,129
"1162",129,31
"1163",31,170
"1164",170,125
"1165",125,100
"1166",100,66
"1167",66,117
"1168",117,87
"1169",87,2
"1170",2,123
"1171",123,158
"1172",158,33
"1173",33,138
"1174",138,16
"1175",16,75
"1176",75,36
"1177",36,72
"1178",72,157
"1179",157,83
"1180",83,52
"1181",52,117
"1182",117,165
"1183",165,19
"1184",19,59
"1185",59,173
"1186",173,96
"1187",96,58
"1188",58,176
"1189",176,32
"1190",32,87
"1191",87,176
"1192",176,137
"1193",137,104
"1194",104,156
"1195",156,98
"1196",98,67
"1197",67,142
"1198",142,90
"1199",90,146
"1200",146,9
"1201",9,56
"1202",56,103
"1203",103,8
"1204",8,37
"1205",37,163
"1206",163,123
"1207",123,44
"1208",44,4
"1209",4,52
"1210",52,105
"1211",105,148
"1212",148,113
"1213",113,85
"1214",85,122
"1215",122,179
"1216",179,95
"1217",95,128
"1218",128,164
"1219",164,80
"1220",80,3
"1221",3,121
"1222",121,29
"1223",29,77
"1224",77,139
"1225",139,1
"1226",1,90
"1227",90,40
"1228",40,85
"1229",85,138
"1230",138,106
"1231",106,153
"1232",153,30
"1233",30,177
"1234",177,136
"1235",136,56
"1236",56,157
"1237",157,22
"1238",22,136
"1239",136,93
"1240",93,122
"1241",122,69
"1242",69,18
"1243",18,151
"1244",151,84
"1245",84,41
"1246",41,5
"1247",5,81
"1248",81,152
"1249",152,14
"1250",14,163
"1251",163,94
"1252",94,19
"1253",19,105
"1254",105,72
"1255",72,17
"1256",17,95
"1257",95,59
"1258",59,103
"1259",103,51
"1260",51,10
"1261",10,55
"1262",55,116
"1263",116,166
"1264",166,130
"1265",130,38
"1266",38,145
"1267",145,110
"1268",110,172
"1269",172,73
"1270",73,155
"1271",155,82
"1272",82,53
"1273",53,164
"1274",164,121
"1275",121,40
"1276",40,124
"1277",124,35
"1278",35,167
"1279",167,33
"1280",33,94
"1281",94,60
"1282",60,159
"1283",159,122
"1284",122,51
"1285",51,88
"1286",88,116
"1287",116,61
"1288",61,22
"1289",22,170
"1290",170,101
"1291",101,150
"1292",150,28
"1293",28,156
"1294",156,8
"1295",8,140
"1296",140,102
"1297",102,70
"1298",70,130
"1299",130,16
"1300",16,48
"1301",48,106
"1302",106,136
"1303",136,12
"1304",12,159
"1305",159,25
"1306",25,164
"1307",164,131
"1308",131,86
"1309",86,28
"1310",28,174
"1311",174,46
"1312",46,127
"1313",127,96
"1314",96,148
"1315",148,57
"1316",57,139
"1317",139,40
"1318",40,93
"1319",93,150
"1320",150,85
"1321",85,133
"1322",133,51
"1323",51,6
"1324",6,70
"1325",70,166
"1326",166,46
"1327",46,116
"1328",116,80
"1329",80,43
"1330",43,11
"1331",11,150
"1332",150,83
"1333",83,110
"1334",110,14
"1335",14,45
"1336",45,170
"1337",170,145
"1338",145,48
"1339",48,114
"1340",114,65
"1341",65,144
"1342",144,171
"1343",171,40
"1344",40,149
"1345",149,87
"1346",87,157
"1347",157,13
"1348",13,78
"1349",78,165
"1350",165,110
"1351",110,73
"1352",73,135
"1353",135,107
"1354",107,49
"1355",49,162
"1356",162,125
"1357",125,7
"1358",7,159
"1359",159,73
"1360",73,35
"1361",35,172
"1362",172,21
"1363",21,68
"1364",68,179
"1365",179,115
"1366",115,85
"1367",85,37
"1368",37,167
"1369",167,18
"1370",18,142
"1371",142,106
"1372",106,62
"1373",62,119
"1374",119,54
"1375",54,81
"1376",81,134
"1377",134,175
"1378",175,97
"1379",97,132
"1380",132,29
"1381",29,119
"1382",119,75
"1383",75,112
"1384",112,58
"1385",58,138
"1386",138,92
"1387",92,143
"1388",143,113
"1389",113,167
"1390",167,56
"1391",56,97
"1392",97,64
"1393",64,24
"1394",24,172
"1395",172,31
"1396",31,144
"1397",144,5
"1398",5,150
"1399",150,39
"1400",39,135
"1401",135,62
"1402",62,127
"1403",127,6
"1404",6,143
"1405",143,53
"1406",53,13
"1407",13,60
"1408",60,99
"1409",99,40
"1410",40,116
"1411",116,152
"1412",152,52
"1413",52,98
"1414",98,129
"1415",129,171
"1416",171,72
"1417",72,139
"1418",139,46
"1419",46,82
"1420",82,26
"1421",26,155
"1422",155,76
"1423",76,141
"1424",141,36
"1425",36,9
"1426",9,85
"1427",85,110
"1428",110,77
"1429",77,130
"1430",130,53
"1431",53,112
"1432",112,71
"1433",71,144
"1434",144,12
"1435",12,148
"1436",148,101
"1437",101,124
"1438",124,68
"1439",68,23
"1440",23,156
"1441",156,4
"1442",4,153
"1443",153,17
"1444",17,57
"1445",57,96
"1446",96,65
"1447",65,20
"1448",20,159
"1449",159,118
"1450",118,30
"1451",30,175
"1452",175,67
"1453",67,26
"1454",26,147
"1455",147,46
"1456",46,8
"1457",8,120
"1458",120,19
"1459",19,160
"1460",160,11
"1461",11,108
"1462",108,82
"1463",82,42
"1464",42,115
"1465",115,148
"1466",148,91
"1467",91,46
"1468",46,136
"1469",136,98
"1470",98,45
"1471",45,103
"1472",103,138
"1473",138,96
"1474",96,143
"1475",143,178
"1476",178,131
"1477",131,58
"1478",58,92
"1479",92,123
"1480",123,73
"1481",73,127
"1482",127,1
"1483",1,38
"1484",38,164
"1485",164,114
"1486",114,41
"1487",41,170
"1488",170,136
"1489",136,72
"1490",72,141
"1491",141,5
"1492",5,152
"1493",152,25
"1494",25,168
"1495",168,34
"1496",34,107
"1497",107,75
"1498",75,125
"1499",125,156
"1500",156,88
"1501",88,53
"1502",53,171
"1503",171,69
"1504",69,20
"1505",20,95
"1506",95,46
"1507",46,84
"1508",84,174
"1509",174,23
"1510",23,165
"1511",165,37
"1512",37,142
"1513",142,100
"1514",100,135
"1515",135,80
"1516",80,47
"1517",47,90
"1518",90,151
"1519",151,10
"1520",10,86
"1521",86,128
"1522",128,99
"1523",99,29
"1524",29,178
"1525",178,70
"1526",70,169
"1527",169,146
"1528",146,35
"1529",35,160
"1530",160,6
"1531",6,49
"1532",49,101
"1533",101,132
"1534",132,74
"1535",74,169
"1536",169,126
"1537",126,90
"1538",90,144
"1539",144,46
"1540",46,12
"1541",12,131
"1542",131,163
"1543",163,115
"1544",115,90
"1545",90,50
"1546",50,18
"1547",18,172
"1548",172,121
"1549",121,78
"1550",78,106
"1551",106,154
"1552",154,28
"1553",28,138
"1554",138,64
"1555",64,151
"1556",151,75
"1557",75,156
"1558",156,62
"1559",62,146
"1560",146,107
"1561",107,44
"1562",44,117
"1563",117,174
"1564",174,38
"1565",38,82
"1566",82,130
"1567",130,13
"1568",13,44
"1569",44,149
"1570",149,95
"1571",95,32
"1572",32,178
"1573",178,145
"1574",145,70
"1575",70,136
"1576",136,32
"1577",32,67
"1578",67,146
"1579",146,27
"1580",27,179
"1581",179,59
"1582",59,142
"1583",142,111
"1584",111,76
"1585",76,138
"1586",138,83
"1587",83,117
"1588",117,60
"1589",60,107
"1590",107,133
"1591",133,174
"1592",174,98
"1593",98,39
"1594",39,121
"1595",121,94
"1596",94,46
"1597",46,77
"1598",77,42
"1599",42,179
"1600",179,51
"1601",51,125
"1602",125,93
"1603",93,62
"1604",62,152
"1605",152,9
"1606",9,158
"1607",158,21
"1608",21,101
"1609",101,55
"1610",55,80
"1611",80,105
"1612",105,32
"1613",32,142
"1614",142,115
"1615",115,38
"1616",38,136
"1617",136,14
"1618",14,159
"1619",159,57
"1620",57,127
"1621",127,166
"1622",166,22
"1623",22,175
"1624",175,34
"1625",34,2
"1626",2,155
"1627",155,123
"1628",123,102
"1629",102,54
"1630",54,8
"1631",8,161
"1632",161,103
"1633",103,122
"1634",122,156
"1635",156,30
"1636",30,80
"1637",80,125
"1638",125,3
"1639",3,101
"1640",101,71
"1641",71,37
"1642",37,172
"1643",172,136
"1644",136,66
"1645",66,95
"1646",95,39
"1647",39,119
"1648",119,81
"1649",81,40
"1650",40,118
"1651",118,173
"1652",173,17
"1653",17,51
"1654",51,169
"1655",169,138
"1656",138,70
"1657",70,126
"1658",126,154
"1659",154,33
"1660",33,170
"1661",170,19
"1662",19,152
"1663",152,97
"1664",97,46
"1665",46,151
"1666",151,20
"1667",20,155
"1668",155,11
"1669",11,143
"1670",143,73
"1671",73,100
"1672",100,133
"1673",133,54
"1674",54,87
"1675",87,112
"1676",112,64
"1677",64,134
"1678",134,85
"1679",85,127
"1680",127,37
"1681",37,3
"1682",3,28
"1683",28,78
"1684",78,48
"1685",48,93
"1686",93,140
"1687",140,30
"1688",30,150
"1689",150,80
"1690",80,110
"1691",110,140
"1692",140,75
"1693",75,48
"1694",48,120
"1695",120,165
"1696",165,133
"1697",133,95
"1698",95,120
"1699",120,2
"1700",2,110
"1701",110,10
"1702",10,35
"1703",35,166
"1704",166,26
"1705",26,98
"1706",98,75
"1707",75,135
"1708",135,104
"1709",104,35
"1710",35,87
"1711",87,123
"1712",123,78
"1713",78,151
"1714",151,43
"1715",43,100
"1716",100,61
"1717",61,153
"1718",153,84
"1719",84,116
"1720",116,147
"1721",147,57
"1722",57,177
"1723",177,40
"1724",40,1
"1725",1,156
"1726",156,16
"1727",16,168
"1728",168,21
"1729",21,62
"1730",62,140
"1731",140,73
"1732",73,30
"1733",30,1
"1734",1,146
"1735",146,176
"1736",176,41
"1737",41,79
"1738",79,177
"1739",177,112
"1740",112,159
"1741",159,125
"1742",125,65
"1743",65,113
"1744",113,86
"1745",86,109
"1746",109,157
"1747",157,86
"1748",86,43
"1749",43,75
"1750",75,146
"1751",146,46
"1752",46,148
"1753",148,175
"1754",175,53
"1755",53,140
"1756",140,38
"1757",38,84
"1758",84,132
"1759",132,65
"1760",65,159
"1761",159,30
"1762",30,163
"1763",163,9
"1764",9,45
"1765",45,78
"1766",78,128
"1767",128,101
"1768",101,139
"1769",139,82
"1770",82,5
"1771",5,50
"1772",50,76
"1773",76,174
"1774",174,138
"1775",138,80
"1776",80,118
"1777",118,151
"1778",151,27
"1779",27,160
"1780",160,60
"1781",60,141
"1782",141,22
"1783",22,161
"1784",161,13
"1785",13,170
"1786",170,123
"1787",123,55
"1788",55,111
"1789",111,154
"1790",154,15
"1791",15,76
"1792",76,106
"1793",106,82
"1794",82,162
"1795",162,10
"1796",10,44
"1797",44,167
"1798",167,108
"1799",108,131
"1800",131,70
"1801",70,98
"1802",98,146
"1803",146,114
"1804",114,74
"1805",74,21
"1806",21,176
"1807",176,31
"1808",31,88
"1809",88,130
"1810",130,175
"1811",175,75
"1812",75,133
"1813",133,69
"1814",69,1
"1815",1,26
"1816",26,161
"1817",161,111
"1818",111,149
"1819",149,63
"1820",63,92
"1821",92,49
"1822",49,151
"1823",151,106
"1824",106,11
"1825",11,145
"1826",145,118
"1827",118,71
"1828",71,149
"1829",149,50
"1830",50,22
"1831",22,153
"1832",153,45
"1833",45,96
"1834",96,119
"1835",119,49
"1836",49,77
"1837",77,137
"1838",137,97
"1839",97,43
"1840",43,125
"1841",125,150
"1842",150,90
"1843",90,55
"1844",55,5
"1845",5,163
"1846",163,18
"1847",18,157
"1848",157,5
"1849",5,35
"1850",35,93
"1851",93,145
"1852",145,64
"1853",64,122
"1854",122,56
"1855",56,110
"1856",110,88
"1857",88,120
"1858",120,79
"1859",79,141
"1860",141,68
"1861",68,16
"1862",16,52
"1863",52,111
"1864",111,136
"1865",136,23
"1866",23,53
"1867",53,155
"1868",155,14
"1869",14,60
"1870",60,22
"1871",22,112
"1872",112,147
"1873",147,168
"1874",168,132
"1875",132,107
"1876",107,67
"1877",67,35
"1878",35,179
"1879",179,129
"1880",129,27
"1881",27,163
"1882",163,63
"1883",63,172
"1884",172,140
"1885",140,3
"1886",3,145
"1887",145,55
"1888",55,105
"1889",105,134
"1890",134,74
"1891",74,0
"1892",0,142
"1893",142,177
"1894",177,19
"1895",19,49
"1896",49,83
"1897",83,128
"1898",128,75
"1899",75,31
"1900",31,152
"1901",152,178
"1902",178,38
"1903",38,72
"1904",72,115
"1905",115,86
"1906",86,124
"1907",124,157
"1908",157,31
"1909",31,6
"1910",6,162
"1911",162,37
"1912",37,79
"1913",79,156
"1914",156,44
"1915",44,79
"1916",79,122
"1917",122,5
"1918",5,136
"1919",136,103
"1920",103,82
"1921",82,13
"1922",13,168
"1923",168,46
"1924",46,73
"1925",73,147
"1926",147,99
"1927",99,16
"1928",16,102
"1929",102,169
"1930",169,40
"1931",40,151
"1932",151,123
"1933",123,68
"1934",68,94
"1935",94,154
"1936",154,24
"1937",24,52
"1938",52,127
"1939",127,103
"1940",103,66
"1941",66,139
"1942",139,15
"1943",15,169
"1944",169,72
"1945",72,174
"1946",174,42
"1947",42,13
"1948",13,103
"1949",103,48
"1950",48,123
"1951",123,166
"1952",166,103
"1953",103,80
"1954",80,114
"1955",114,92
"1956",92,53
"1957",53,131
"1958",131,173
"1959",173,26
"1960",26,2
"1961",2,47
"1962",47,95
"1963",95,62
"1964",62,147
"1965",147,10
"1966",10,157
"1967",157,28
"1968",28,162
"1969",162,132
"1970",132,81
"1971",81,154
"1972",154,90
"1973",90,117
"1974",117,152
"1975",152,109
"1976",109,40
"1977",40,103
"1978",103,146
"1979",146,117
"1980",117,140
"1981",140,64
"1982",64,89
"1983",89,58
"1984",58,121
"1985",121,104
"1986",104,73
"1987",73,138
"1988",138,11
"1989",11,130
"1990",130,100
"1991",100,52
"1992",52,94
"1993",94,4
"1994",4,164
"1995",164,12
"1996",12,172
"1997",172,29
"1998",29,167
"1999",167,122
"2000",122,32
"2001",32,4
"2002",4,62
"2003",62,33
"2004",33,65
"2005",65,120
"2006",120,84
"2007",84,135
"2008",135,113
"2009",113,93
"2010",93,137
"2011",137,54
"2012",54,15
"2013",15,126
"2014",126,178
"2015",178,147
"2016",147,74
"2017",74,49
"2018",49,96
"2019",96,153
"2020",153,77
"2021",77,35
"2022",35,176
"2023",176,157
"2024",157,78
"2025",78,144
"2026",144,94
"2027",94,72
"2028",72,162
"2029",162,16
"2030",16,47
"2031",47,152
"2032",152,79
"2033",79,56
"2034",56,86
"2035",86,153
"2036",153,18
"2037",18,179
"2038",179,25
"2039",25,128
"2040",128,67
"2041",67,115
"2042",115,160
"2043",160,29
"2044",29,149
"2045",149,174
"2046",174,124
"2047",124,96
"2048",96,115
"2049",115,56
"2050",56,95
"2051",95,136
"2052",136,166
"2053",166,8
"2054",8,30
"2055",30,85
"2056",85,34
"2057",34,139
"2058",139,7
"2059",7,127
"2060",127,87
"2061",87,108
"2062",108,141
"2063",141,179
"2064",179,33
"2065",33,82
"2066",82,121
"2067",121,72
"2068",72,148
"2069",148,64
"2070",64,129
"2071",129,156
"2072",156,19
"2073",19,137
"2074",137,82
"2075",82,146
"2076",146,47
"2077",47,75
"2078",75,40
"2079",40,172
"2080",172,148
"2081",148,19
"2082",19,89
"2083",89,119
"2084",119,52
"2085",52,165
"2086",165,142
"2087",142,46
"2088",46,6
"2089",6,151
"2090",151,98
"2091",98,118
"2092",118,136
"2093",136,78
"2094",78,109
"2095",109,47
"2096",47,124
"2097",124,50
"2098",50,106
"2099",106,68
"2100",68,127
"2101",127,160
"2102",160,37
"2103",37,83
"2104",83,22
"2105",22,97
"2106",97,122
"2107",122,76
"2108",76,38
"2109",38,11
"2110",11,134
"2111",134,24
"2112",24,176
"2113",176,40
"2114",40,70
"2115",70,92
"2116",92,3
"2117",3,158
"2118",158,87
"2119",87,22
"2120",22,63
"2121",63,144
"2122",144,177
"2123",177,28
"2124",28,127
"2125",127,106
"2126",106,143
"2127",143,1
"2128",1,159
"2129",159,85
"2130",85,59
"2131",59,149
"2132",149,8
"2133",8,53
"2134",53,173
"2135",173,71
"2136",71,170
"2137",170,105
"2138",105,144
"2139",144,115
"2140",115,82
"2141",82,60
"2142",60,135
"2143",135,67
"2144",67,165
"2145",165,17
"2146",17,46
"2147",46,110
"2148",110,150
"2149",150,60
"2150",60,114
"2151",114,149
"2152",149,120
"2153",120,141
"2154",141,9
"2155",9,52
"2156",52,25
"2157",25,49
"2158",49,130
"2159",130,79
"2160",79,106
"2161",106,87
"2162",87,134
"2163",134,156
"2164",156,177
"2165",177,39
"2166",39,0
"2167",0,31
"2168",31,78
"2169",78,40
"2170",40,96
"2171",96,55
"2172",55,83
"2173",83,100
"2174",100,117
"2175",117,40
"2176",40,12
"2177",12,154
"2178",154,21
"2179",21,3
"2180",3,147
"2181",147,76
"2182",76,100
"2183",100,153
"2184",153,127
"2185",127,146
"2186",146,100
"2187",100,48
"2188",48,173
"2189",173,11
"2190",11,167
"2191",167,99
"2192",99,69
"2193",69,112
"2194",112,138
"2195",138,48
"2196",48,14
"2197",14,171
"2198",171,118
"2199",118,38
"2200",38,139
"2201",139,162
"2202",162,35
"2203",35,169
"2204",169,121
"2205",121,98
"2206",98,78
"2207",78,57
"2208",57,111
"2209",111,73
"2210",73,131
"2211",131,104
"2212",104,58
"2213",58,77
"2214",77,82
"2215",82,24
"2216",24,55
"2217",55,136
"2218",136,143
"2219",143,148
"2220",148,155
"2221",155,179
"2222",179,160
"2223",160,106
"2224",106,134
"2225",134,127
"2226",127,122
"2227",122,70
"2228",70,77
"2229",77,147
"2230",147,17
"2231",17,155
"2232",155,80
"2233",80,124
"2234",124,165
"2235",165,96
"2236",96,61
"2237",61,126
"2238",126,8
"2239",8,170
"2240",170,32
"2241",32,25
"2242",25,3
"2243",3,51
"2244",51,123
"2245",123,148
"2246",148,67
"2247",67,101
"2248",101,118
"2249",118,65
"2250",65,169
"2251",169,20
"2252",20,153
"2253",153,53
"2254",53,103
"2255",103,98
"2256",98,148
"2257",148,13
"2258",13,116
"2259",116,92
"2260",92,150
"2261",150,0
"2262",0,22
"2263",22,71
"2264",71,124
"2265",124,155
"2266",155,160
"2267",160,90
"2268",90,65
"2269",65,58
"2270",58,31
"2271",31,130
"2272",130,113
"2273",113,107
"2274",107,19
"2275",19,111
"2276",111,84
"2277",84,162
"2278",162,167
"2279",167,172
"2280",172,74
"2281",74,39
"2282",39,87
"2283",87,82
"2284",82,50
"2285",50,73
"2286",73,174
"2287",174,29
"2288",29,80
"2289",80,144
"2290",144,70
"2291",70,36
"2292",36,174
"2293",174,10
"2294",10,149
"2295",149,48
"2296",48,53
"2297",53,138
"2298",138,4
"2299",4,83
"2300",83,158
"2301",158,119
"2302",119,143
"2303",143,138
"2304",138,75
"2305",75,29
"2306",29,57
"2307",57,132
"2308",132,10
"2309",10,169
"2310",169,127
"2311",127,132
"2312",132,103
"2313",103,147
"2314",147,87
"2315",87,118
"2316",118,122
"2317",122,59
"2318",59,160
"2319",160,14
"2320",14,148
"2321",148,153
"2322",153,169
"2323",169,44
"2324",44,74
"2325",74,93
"2326",93,98
"2327",98,135
"2328",135,16
"2329",16,179
"2330",179,151
"2331",151,21
"2332",21,164
"2333",164,110
"2334",110,115
"2335",115,122
"2336",122,160
"2337",160,167
"2338",167,67
"2339",67,41
"2340",41,179
"2341",179,172
"2342",172,54
"2343",54,108
"2344",108,126
"2345",126,84
"2346",84,128
"2347",128,157
"2348",157,30
"2349",30,170
"2350",170,16
"2351",16,153
"2352",153,78
"2353",78,146
"2354",146,152
"2355",152,23
"2356",23,64
"2357",64,125
"2358",125,89
"2359",89,158
"2360",158,15
"2361",15,166
"2362",166,32
"2363",32,53
"2364",53,46
"2365",46,86
"2366",86,107
"2367",107,144
"2368",144,111
"2369",111,38
"2370",38,144
"2371",144,123
"2372",123,94
"2373",94,110
"2374",110,74
"2375",74,82
"2376",82,27
"2377",27,4
"2378",4,123
"2379",123,84
"2380",84,63
"2381",63,70
"2382",70,132
"2383",132,62
"2384",62,55
"2385",55,134
"2386",134,140
"2387",140,91
"2388",91,49
"2389",49,115
"2390",115,21
"2391",21,66
"2392",66,129
"2393",129,71
"2394",71,103
"2395",103,107
"2396",107,157
"2397",157,16
"2398",16,55
"2399",55,6
"2400",6,24
"2401",24,86
"2402",86,73
"2403",73,67
"2404",67,137
"2405",137,25
"2406",25,20
"2407",20,13
"2408",13,8
"2409",8,3
"2410",3,167
"2411",167,134
"2412",134,110
"2413",110,156
"2414",156,143
"2415",143,125
"2416",125,82
"2417",82,112
"2418",112,150
"2419",150,70
"2420",70,65
"2421",65,104
"2422",104,87
"2423",87,165
"2424",165,38
"2425",38,114
"2426",114,64
"2427",64,35
"2428",35,158
"2429",158,175
"2430",175,122
"2431",122,127
"2432",127,47
"2433",47,107
"2434",107,101
"2435",101,46
"2436",46,15
"2437",15,178
"2438",178,128
"2439",128,8
"2440",8,43
"2441",43,18
"2442",18,95
"2443",95,89
"2444",89,152
"2445",152,130
"2446",130,136
"2447",136,155
"2448",155,28
"2449",28,32
"2450",32,173
"2451",173,74
"2452",74,126
"2453",126,161
"2454",161,178
"2455",178,79
"2456",79,73
"2457",73,77
"2458",77,108
"2459",108,161
"2460",161,61
"2461",61,129
"2462",129,159
"2463",159,137
"2464",137,102
"2465",102,152
"2466",152,158
"2467",158,32
"2468",32,179
"2469",179,3
"2470",3,160
"2471",160,23
"2472",23,171
"2473",171,139
"2474",139,28
"2475",28,53
"2476",53,58
"2477",58,147
"2478",147,122
"2479",122,117
"2480",117,112
"2481",112,108
"2482",108,81
"2483",81,48
"2484",48,150
"2485",150,99
"2486",99,46
"2487",46,88
"2488",88,82
"2489",82,47
"2490",47,67
"2491",67,124
"2492",124,91
"2493",91,98
"2494",98,103
"2495",103,50
"2496",50,44
"2497",44,83
"2498",83,134
"2499",134,100
"2500",100,56
"2501",56,93
"2502",93,54
"2503",54,156
"2504",156,113
"2505",113,169
"2506",169,163
"2507",163,22
"2508",22,88
"2509",88,164
"2510",164,140
"2511",140,146
"2512",146,4
"2513",4,139
"2514",139,69
"2515",69,34
"2516",34,160
"2517",160,26
"2518",26,116
"2519",116,156
"2520",156,32
"2521",32,169
"2522",169,175
"2523",175,179
"2524",179,14
"2525",14,167
"2526",167,163
"2527",163,158
"2528",158,100
"2529",100,148
"2530",148,152
"2531",152,17
"2532",17,13
"2533",13,3
"2534",3,141
"2535",141,17
"2536",17,66
"2537",66,82
"2538",82,77
"2539",77,127
"2540",127,164
"2541",164,26
"2542",26,78
"2543",78,148
"2544",148,143
"2545",143,137
"2546",137,74
"2547",74,112
"2548",112,133
"2549",133,115
"2550",115,172
"2551",172,177
"2552",177,13
"2553",13,8
"2554",8,107
"2555",107,122
"2556",122,95
"2557",95,100
"2558",100,50
"2559",50,55
"2560",55,33
"2561",33,27
"2562",27,22
"2563",22,90
"2564",90,105
"2565",105,85
"2566",85,132
"2567",132,68
"2568",68,33
"2569",33,172
"2570",172,167
"2571",167,21
"2572",21,1
"2573",1,75
"2574",75,109
"2575",109,65
"2576",65,40
"2577",40,148
"2578",148,82
"2579",82,45
"2580",45,72
"2581",72,138
"2582",138,116
"2583",116,78
"2584",78,53
"2585",53,176
"2586",176,153
"2587",153,62
"2588",62,58
"2589",58,139
"2590",139,108
"2591",108,61
"2592",61,134
"2593",134,130
"2594",130,125
"2595",125,118
"2596",118,169
"2597",169,69
"2598",69,106
"2599",106,84
"2600",84,40
"2601",40,35
"2602",35,165
"2603",165,6
"2604",6,17
"2605",17,149
"2606",149,2
"2607",2,139
"2608",139,95
"2609",95,73
"2610",73,41
"2611",41,96
"2612",96,71
"2613",71,120
"2614",120,86
"2615",86,91
"2616",91,39
"2617",39,108
"2618",108,103
"2619",103,91
"2620",91,59
"2621",59,113
"2622",113,118
"2623",118,148
"2624",148,75
"2625",75,99
"2626",99,141
"2627",141,169
"2628",169,17
"2629",17,22
"2630",22,46
"2631",46,50
"2632",50,80
"2633",80,85
"2634",85,89
"2635",89,21
"2636",21,160
"2637",160,13
"2638",13,18
"2639",18,1
"2640",1,8
"2641",8,130
"2642",130,161
"2643",161,146
"2644",146,109
"2645",109,174
"2646",174,31
"2647",31,142
"2648",142,60
"2649",60,151
"2650",151,81
"2651",81,136
"2652",136,140
"2653",140,74
"2654",74,26
"2655",26,71
"2656",71,111
"2657",111,165
"2658",165,20
"2659",20,176
"2660",176,50
"2661",50,66
"2662",66,126
"2663",126,51
"2664",51,132
"2665",132,136
"2666",136,108
"2667",108,112
"2668",112,155
"2669",155,133
"2670",133,38
"2671",38,44
"2672",44,24
"2673",24,144
"2674",144,101
"2675",101,129
"2676",129,55
"2677",55,63
"2678",63,111
"2679",111,151
"2680",151,16
"2681",16,137
"2682",137,90
"2683",90,158
"2684",158,153
"2685",153,14
"2686",14,38
"2687",38,167
"2688",167,124
"2689",124,81
"2690",81,153
"2691",153,113
"2692",113,40
"2693",40,82
"2694",82,94
"2695",94,118
"2696",118,64
"2697",64,41
"2698",41,171
"2699",171,150
"2700",150,119
"2701",119,90
"2702",90,46
"2703",46,58
"2704",58,63
"2705",63,72
"2706",72,77
"2707",77,92
"2708",92,147
"2709",147,153
"2710",153,121
"2711",121,176
"2712",176,16
"2713",16,155
"2714",155,178
"2715",178,36
"2716",36,163
"2717",163,152
"2718",152,148
"2719",148,112
"2720",112,127
"2721",127,130
"2722",130,63
"2723",63,125
"2724",125,57
"2725",57,98
"2726",98,95
"2727",95,116
"2728",116,37
"2729",37,32
"2730",32,28
"2731",28,5
"2732",5,10
"2733",10,107
"2734",107,80
"2735",80,70
"2736",70,28
"2737",28,23
"2738",23,162
"2739",162,114
"2740",114,24
"2741",24,175
"2742",175,172
"2743",172,159
"2744",159,15
"2745",15,149
"2746",149,106
"2747",106,60
"2748",60,111
"2749",111,137
"2750",137,76
"2751",76,109
"2752",109,135
"2753",135,122
"2754",122,118
"2755",118,115
"2756",115,74
"2757",74,175
"2758",175,1
"2759",1,5
"2760",5,43
"2761",43,39
"2762",39,84
"2763",84,137
"2764",137,167
"2765",167,32
"2766",32,153
"2767",153,157
"2768",157,0
"2769",0,12
"2770",12,146
"2771",146,10
"2772",10,159
"2773",159,89
"2774",89,93
"2775",93,45
"2776",45,53
"2777",53,6
"2778",6,141
"2779",141,148
"2780",148,5
"2781",5,124
"2782",124,52
"2783",52,30
"2784",30,56
"2785",56,112
"2786",112,38
"2787",38,88
"2788",88,145
"2789",145,14
"2790",14,31
"2791",31,164
"2792",164,9
"2793",9,172
"2794",172,124
"2795",124,144
"2796",144,10
"2797",10,156
"2798",156,17
"2799",17,134
"2800",134,68
"2801",68,72
"2802",72,97
"2803",97,103
"2804",103,74
"2805",74,125
"2806",125,122
"2807",122,48
"2808",48,63
"2809",63,67
"2810",67,87
"2811",87,62
"2812",62,56
"2813",56,50
"2814",50,102
"2815",102,41
"2816",41,85
"2817",85,82
"2818",82,101
"2819",101,98
"2820",98,51
"2821",51,79
"2822",79,154
"2823",154,96
"2824",96,78
"2825",78,142
"2826",142,126
"2827",126,176
"2828",176,163
"2829",163,160
"2830",160,8
"2831",8,5
"2832",5,161
"2833",161,86
"2834",86,141
"2835",141,93
"2836",93,106
"2837",106,71
"2838",71,137
"2839",137,127
"2840",127,53
"2841",53,50
"2842",50,7
"2843",7,167
"2844",167,163
"2845",163,34
"2846",34,25
"2847",25,130
"2848",130,148
"2849",148,10
"2850",10,13
"2851",13,32
"2852",32,27
"2853",27,73
"2854",73,1
"2855",1,177
"2856",177,162
"2857",162,157
"2858",157,14
"2859",14,47
"2860",47,77
"2861",77,80
"2862",80,113
"2863",113,163
"2864",163,88
"2865",88,122
"2866",122,100
"2867",100,64
"2868",64,164
"2869",164,151
"2870",151,107
"2871",107,110
"2872",110,154
"2873",154,20
"2874",20,61
"2875",61,90
"2876",90,111
"2877",111,129
"2878",129,67
"2879",67,143
"2880",143,140
"2881",140,60
"2882",60,88
"2883",88,157
"2884",157,46
"2885",46,40
"2886",40,2
"2887",2,169
"2888",169,172
"2889",172,5
"2890",5,19
"2891",19,168
"2892",168,119
"2893",119,155
"2894",155,19
"2895",19,58
"2896",58,159
"2897",159,135
"2898",135,74
"2899",74,107
"2900",107,103
"2901",103,153
"2902",153,115
"2903",115,112
"2904",112,70
"2905",70,73
"2906",73,77
"2907",77,99
"2908",99,161
"2909",161,27
"2910",27,56
"2911",56,35
"2912",35,75
"2913",75,106
"2914",106,52
"2915",52,91
"2916",91,95
"2917",95,80
"2918",80,123
"2919",123,138
"2920",138,134
"2921",134,90
"2922",90,132
"2923",132,173
"2924",173,19
"2925",19,164
"2926",164,37
"2927",37,42
"2928",42,68
"2929",68,101
"2930",101,115
"2931",115,63
"2932",63,82
"2933",82,89
"2934",89,161
"2935",161,32
"2936",32,146
"2937",146,143
"2938",143,107
"2939",107,70
"2940",70,67
"2941",67,127
"2942",127,121
"2943",121,146
"2944",146,105
"2945",105,150
"2946",150,29
"2947",29,59
"2948",59,129
"2949",129,166
"2950",166,30
"2951",30,16
"2952",16,8
"2953",8,171
"2954",171,126
"2955",126,149
"2956",149,166
"2957",166,24
"2958",24,65
"2959",65,62
"2960",62,177
"2961",177,18
"2962",18,23
"2963",23,25
"2964",25,28
"2965",28,168
"2966",168,6
"2967",6,35
"2968",35,50
"2969",50,46
"2970",46,42
"2971",42,125
"2972",125,79
"2973",79,82
"2974",82,109
"2975",109,95
"2976",95,98
"2977",98,58
"2978",58,53
"2979",53,4
"2980",4,137
"2981",137,0
"2982",0,42
"2983",42,122
"2984",122,66
"2985",66,147
"2986",147,131
"2987",131,51
"2988",51,72
"2989",72,132
"2990",132,143
"2991",143,166
"2992",166,117
"2993",117,73
"2994",73,89
"2995",89,41
"2996",41,172
"2997",172,175
"2998",175,123
"2999",123,113
"3000",113,142
"3001",142,2
"3002",2,125
"3003",125,132
"3004",132,156
"3005",156,138
"3006",138,141
"3007",141,102
"3008",102,80
"3009",80,65
"3010",65,165
"3011",165,2
"3012",2,5
"3013",5,8
"3014",8,27
"3015",27,176
"3016",176,167
"3017",167,170
"3018",170,25
"3019",25,71
"3020",71,147
"3021",147,81
"3022",81,103
"3023",103,100
"3024",100,69
"3025",69,128
"3026",128,171
"3027",171,131
"3028",131,67
"3029",67,169
"3030",169,14
"3031",14,17
"3032",17,151
"3033",151,83
"3034",83,87
"3035",87,91
"3036",91,45
"3037",45,74
"3038",74,113
"3039",113,139
"3040",139,158
"3041",158,155
"3042",155,152
"3043",152,143
"3044",143,43
"3045",43,9
"3046",9,129
"3047",129,117
"3048",117,92
"3049",92,111
"3050",111,156
"3051",156,103
"3052",103,130
"3053",130,127
"3054",127,124
"3055",124,95
"3056",95,93
"3057",93,71
"3058",71,131
"3059",131,87
"3060",87,76
"3061",76,154
"3062",154,115
"3063",115,118
"3064",118,122
"3065",122,166
"3066",166,1
"3067",1,151
"3068",151,7
"3069",7,148
"3070",148,145
"3071",145,12
"3072",12,176
"3073",176,179
"3074",179,38
"3075",38,32
"3076",32,10
"3077",10,158
"3078",158,160
"3079",160,163
"3080",163,109
"3081",109,72
"3082",72,90
"3083",90,140
"3084",140,72
"3085",72,133
"3086",133,153
"3087",153,79
"3088",79,47
"3089",47,98
"3090",98,131
"3091",131,64
"3092",64,117
"3093",117,104
"3094",104,110
"3095",110,113
"3096",113,55
"3097",55,12
"3098",12,58
"3099",58,62
"3100",62,17
"3101",17,20
"3102",20,156
"3103",156,83
"3104",83,47
"3105",47,87
"3106",87,45
"3107",45,101
"3108",101,120
"3109",120,148
"3110",148,152
"3111",152,121
"3112",121,89
"3113",89,39
"3114",39,82
"3115",82,85
"3116",85,157
"3117",157,6
"3118",6,126
"3119",126,97
"3120",97,54
"3121",54,31
"3122",31,167
"3123",167,120
"3124",120,52
"3125",52,47
"3126",47,106
"3127",106,66
"3128",66,73
"3129",73,178
"3130",178,40
"3131",40,174
"3132",174,18
"3133",18,150
"3134",150,72
"3135",72,21
"3136",21,28
"3137",28,32
"3138",32,174
"3139",174,170
"3140",170,0
"3141",0,162
"3142",162,29
"3143",29,55
"3144",55,8
"3145",8,11
"3146",11,157
"3147",157,155
"3148",155,24
"3149",24,2
"3150",2,161
"3151",161,110
"3152",110,107
"3153",107,96
"3154",96,130
"3155",130,132
"3156",132,136
"3157",136,138
"3158",138,17
"3159",17,13
"3160",13,134
"3161",134,59
"3162",59,46
"3163",46,118
"3164",118,59
"3165",59,76
"3166",76,82
"3167",82,100
"3168",100,90
"3169",90,165
"3170",165,136
"3171",136,116
"3172",116,63
"3173",63,40
"3174",40,146
"3175",146,143
"3176",143,140
"3177",140,138
"3178",138,93
"3179",93,146
"3180",146,110
"3181",110,49
"3182",49,97
"3183",97,123
"3184",123,41
"3185",41,34
"3186",34,37
"3187",37,40
"3188",40,80
"3189",80,77
"3190",77,73
"3191",73,36
"3192",36,0
"3193",0,28
"3194",28,172
"3195",172,117
"3196",117,161
"3197",161,114
"3198",114,141
"3199",141,7
"3200",7,161
"3201",161,18
"3202",18,11
"3203",11,148
"3204",148,50
"3205",50,53
"3206",53,56
"3207",56,58
"3208",58,168
"3209",168,30
"3210",30,161
"3211",161,143
"3212",143,149
"3213",149,107
"3214",107,153
"3215",153,125
"3216",125,122
"3217",122,149
"3218",149,79
"3219",79,2
"3220",2,134
"3221",134,118
"3222",118,132
"3223",132,134
"3224",134,94
"3225",94,58
"3226",58,110
"3227",110,71
"3228",71,86
"3229",86,39
"3230",39,164
"3231",164,175
"3232",175,177
"3233",177,41
"3234",41,93
"3235",93,142
"3236",142,108
"3237",108,60
"3238",60,97
"3239",97,78
"3240",78,46
"3241",46,48
"3242",48,99
"3243",99,119
"3244",119,173
"3245",173,37
"3246",37,76
"3247",76,95
"3248",95,98
"3249",98,101
"3250",101,47
"3251",47,93
"3252",93,91
"3253",91,69
"3254",69,147
"3255",147,14
"3256",14,154
"3257",154,135
"3258",135,112
"3259",112,110
"3260",110,126
"3261",126,163
"3262",163,167
"3263",167,169
"3264",169,157
"3265",157,136
"3266",136,85
"3267",85,87
"3268",87,89
"3269",89,50
"3270",50,48
"3271",48,83
"3272",83,98
"3273",98,113
"3274",113,115
"3275",115,117
"3276",117,157
"3277",157,160
"3278",160,120
"3279",120,46
"3280",46,31
"3281",31,12
"3282",12,158
"3283",158,16
"3284",16,148
"3285",148,146
"3286",146,0
"3287",0,152
"3288",152,155
"3289",155,18
"3290",18,152
"3291",152,140
"3292",140,129
"3293",129,68
"3294",68,65
"3295",65,85
"3296",85,165
"3297",165,16
"3298",16,163
"3299",163,38
"3300",38,23
"3301",23,4
"3302",4,19
"3303",19,179
"3304",179,3
"3305",3,5
"3306",5,8
"3307",8,18
"3308",18,67
"3309",67,109
"3310",109,88
"3311",88,125
"3312",125,11
"3313",11,13
"3314",13,25
"3315",25,27
"3316",27,173
"3317",173,147
"3318",147,72
"3319",72,137
"3320",137,103
"3321",103,107
"3322",107,150
"3323",150,1
"3324",1,3
"3325",3,148
"3326",148,127
"3327",127,130
"3328",130,66
"3329",66,94
"3330",94,139
"3331",139,78
"3332",78,103
"3333",103,101
"3334",101,52
"3335",52,86
"3336",86,158
"3337",158,132
"3338",132,100
"3339",100,47
"3340",47,15
"3341",15,45
"3342",45,54
"3343",54,75
"3344",75,141
"3345",141,160
"3346",160,162
"3347",162,4
"3348",4,169
"3349",169,172
"3350",172,175
"3351",175,133
"3352",133,113
"3353",113,61
"3354",61,110
"3355",110,76
"3356",76,105
"3357",105,49
"3358",49,90
"3359",90,162
"3360",162,115
"3361",115,146
"3362",146,5
"3363",5,140
"3364",140,143
"3365",143,145
"3366",145,112
"3367",112,11
"3368",11,8
"3369",8,29
"3370",29,171
"3371",171,48
"3372",48,90
"3373",90,44
"3374",44,42
"3375",42,40
"3376",40,0
"3377",0,167
"3378",167,152
"3379",152,148
"3380",148,107
"3381",107,118
"3382",118,122
"3383",122,124
"3384",124,41
"3385",41,1
"3386",1,177
"3387",177,179
"3388",179,130
"3389",130,132
"3390",132,134
"3391",134,73
"3392",73,70
"3393",70,68
"3394",68,111
"3395",111,153
"3396",153,112
"3397",112,89
"3398",89,45
"3399",45,37
"3400",37,68
"3401",68,104
"3402",104,81
"3403",81,2
"3404",2,13
"3405",13,147
"3406",147,176
"3407",176,124
"3408",124,127
"3409",127,86
"3410",86,138
"3411",138,136
"3412",136,121
"3413",121,162
"3414",162,148
"3415",148,9
"3416",9,149
"3417",149,19
"3418",19,154
"3419",154,175
"3420",175,177
"3421",177,69
"3422",69,79
"3423",79,82
"3424",82,85
"3425",85,87
"3426",87,116
"3427",116,143
"3428",143,129
"3429",129,122
"3430",122,163
"3431",163,167
"3432",167,169
"3433",169,172
"3434",172,14
"3435",14,175
"3436",175,32
"3437",32,163
"3438",163,147
"3439",147,108
"3440",108,74
"3441",74,62
"3442",62,65
"3443",65,128
"3444",128,152
"3445",152,106
"3446",106,146
"3447",146,148
"3448",148,44
"3449",44,103
"3450",103,139
"3451",139,114
"3452",114,22
"3453",22,20
"3454",20,17
"3455",17,164
"3456",164,115
"3457",115,113
"3458",113,147
"3459",147,8
"3460",8,164
"3461",164,108
"3462",108,110
"3463",110,112
"3464",112,80
"3465",80,82
"3466",82,49
"3467",49,62
"3468",62,99
"3469",99,73
"3470",73,77
"3471",77,79
"3472",79,94
"3473",94,92
"3474",92,48
"3475",48,46
"3476",46,20
"3477",20,150
"3478",150,19
"3479",19,115
"3480",115,135
"3481",135,175
"3482",175,129
"3483",129,104
"3484",104,56
"3485",56,15
"3486",15,136
"3487",136,138
"3488",138,140
"3489",140,178
"3490",178,8
"3491",8,10
"3492",10,165
"3493",165,39
"3494",39,83
"3495",83,30
"3496",30,155
"3497",155,157
"3498",157,113
"3499",113,107
"3500",107,103
"3501",103,101
"3502",101,98
"3503",98,95
"3504",95,93
"3505",93,46
"3506",46,44
"3507",44,85
"3508",85,55
"3509",55,100
"3510",100,98
"3511",98,73
"3512",73,106
"3513",106,119
"3514",119,153
"3515",153,155
"3516",155,104
"3517",104,95
"3518",95,93
"3519",93,82
"3520",82,67
"3521",67,65
"3522",65,22
"3523",22,25
"3524",25,23
"3525",23,62
"3526",62,58
"3527",58,81
"3528",81,149
"3529",149,115
"3530",115,118
"3531",118,142
"3532",142,88
"3533",88,75
"3534",75,104
"3535",104,127
"3536",127,125
"3537",125,171
"3538",171,137
"3539",137,122
"3540",122,118
"3541",118,127
"3542",127,130
"3543",130,132
"3544",132,80
"3545",80,49
"3546",49,28
"3547",28,32
"3548",32,34
"3549",34,159
"3550",159,36
"3551",36,71
"3552",71,134
"3553",134,137
"3554",137,179
"3555",179,177
"3556",177,175
"3557",175,172
"3558",172,152
"3559",152,3
"3560",3,5
"3561",5,8
"3562",8,14
"3563",14,46
"3564",46,55
"3565",55,102
"3566",102,49
"3567",49,121
"3568",121,92
"3569",92,109
"3570",109,52
"3571",52,50
"3572",50,48
"3573",48,86
"3574",86,159
"3575",159,33
"3576",33,90
"3577",90,87
"3578",87,89
"3579",89,131
"3580",131,116
"3581",116,77
"3582",77,79
"3583",79,64
"3584",64,54
"3585",54,129
"3586",129,114
"3587",114,73
"3588",73,70
"3589",70,135
"3590",135,103
"3591",103,94
"3592",94,108
"3593",108,110
"3594",110,147
"3595",147,12
"3596",12,162
"3597",162,112
"3598",112,76
"3599",76,142
"3600",142,102
"3601",102,60
"3602",60,34
"3603",34,37
"3604",37,80
"3605",80,82
"3606",82,85
"3607",85,87
"3608",87,77
"3609",77,73
"3610",73,132
"3611",132,134
"3612",134,89
"3613",89,47
"3614",47,57
"3615",57,158
"3616",158,160
"3617",160,16
"3618",16,171
"3619",171,19
"3620",19,157
"3621",157,155
"3622",155,125
"3623",125,105
"3624",105,67
"3625",67,122
"3626",122,124
"3627",124,51
"3628",51,53
"3629",53,56
"3630",56,58
"3631",58,45
"3632",45,88
"3633",88,0
"3634",0,32
"3635",32,18
"3636",18,166
"3637",166,11
"3638",11,154
"3639",154,107
"3640",107,103
"3641",103,101
"3642",101,77
"3643",77,128
"3644",128,151
"3645",151,20
"3646",20,163
"3647",163,160
"3648",160,133
"3649",133,145
"3650",145,143
"3651",143,140
"3652",140,138
"3653",138,120
"3654",120,91
"3655",91,93
"3656",93,139
"3657",139,149
"3658",149,152
"3659",152,11
"3660",11,13
"3661",13,17
"3662",17,13
"3663",13,151
"3664",151,99
"3665",99,70
"3666",70,68
"3667",68,67
"3668",67,65
"3669",65,63
"3670",63,96
"3671",96,73
"3672",73,139
"3673",139,3
"3674",3,1
"3675",1,3
"3676",3,5
"3677",5,42
"3678",42,40
"3679",40,167
"3680",167,163
"3681",163,104
"3682",104,46
"3683",46,48
"3684",48,50
"3685",50,53
"3686",53,55
"3687",55,73
"3688",73,85
"3689",85,82
"3690",82,157
"3691",157,123
"3692",123,98
"3693",98,95
"3694",95,51
"3695",51,171
"3696",171,162
"3697",162,109
"3698",109,132
"3699",132,105
"3700",105,71
"3701",71,108
"3702",108,155
"3703",155,143
"3704",143,140
"3705",140,159
"3706",159,147
"3707",147,106
"3708",106,148
"3709",148,145
"3710",145,8
"3711",8,21
"3712",21,44
"3713",44,42
"3714",42,123
"3715",123,135
"3716",135,76
"3717",76,117
"3718",117,115
"3719",115,113
"3720",113,112
"3721",112,110
"3722",110,152
"3723",152,148
"3724",148,1
"3725",1,170
"3726",170,172
"3727",172,161
"3728",161,9
"3729",9,167
"3730",167,169
"3731",169,167
"3732",167,116
"3733",116,107
"3734",107,110
"3735",110,112
"3736",112,59
"3737",59,97
"3738",97,127
"3739",127,125
"3740",125,165
"3741",165,121
"3742",121,139
"3743",139,106
"3744",106,49
"3745",49,122
"3746",122,118
"3747",118,122
"3748",122,124
"3749",124,4
"3750",4,163
"3751",163,37
"3752",37,162
"3753",162,160
"3754",160,158
"3755",158,157
"3756",157,20
"3757",20,22
"3758",22,23
"3759",23,29
"3760",29,32
"3761",32,171
"3762",171,130
"3763",130,127
"3764",127,125
"3765",125,145
"3766",145,143
"3767",143,140
"3768",140,138
"3769",138,136
"3770",136,75
"3771",75,46
"3772",46,48
"3773",48,74
"3774",74,84
"3775",84,47
"3776",47,145
"3777",145,75
"3778",75,113
"3779",113,146
"3780",146,11
"3781",11,8
"3782",8,5
"3783",5,12
"3784",12,150
"3785",150,114
"3786",114,95
"3787",95,93
"3788",93,91
"3789",91,51
"3790",51,55
"3791",55,56
"3792",56,123
"3793",123,149
"3794",149,18
"3795",18,148
"3796",148,146
"3797",146,179
"3798",179,177
"3799",177,175
"3800",175,172
"3801",172,170
"3802",170,179
"3803",179,43
"3804",43,1
"3805",1,153
"3806",153,155
"3807",155,157
"3808",157,158
"3809",158,17
"3810",17,13
"3811",13,11
"3812",11,132
"3813",132,130
"3814",130,127
"3815",127,152
"3816",152,148
"3817",148,117
"3818",117,115
"3819",115,113
"3820",113,112
"3821",112,156
"3822",156,109
"3823",109,79
"3824",79,77
"3825",77,73
"3826",73,70
"3827",70,90
"3828",90,93
"3829",93,95
"3830",95,98
"3831",98,100
"3832",100,49
"3833",49,98
"3834",98,100
"3835",100,54
"3836",54,90
"3837",90,60
"3838",60,70
"3839",70,72
"3840",72,87
"3841",87,89
"3842",89,66
"3843",66,97
"3844",97,157
"3845",157,158
"3846",158,149
"3847",149,4
"3848",4,29
"3849",29,32
"3850",32,28
"3851",28,25
"3852",25,23
"3853",23,179
"3854",179,177
"3855",177,139
"3856",139,109
"3857",109,120
"3858",120,63
"3859",63,65
"3860",65,92
"3861",92,80
"3862",80,82
"3863",82,85
"3864",85,87
"3865",87,89
"3866",89,76
"3867",76,173
"3868",173,10
"3869",10,8
"3870",8,168
"3871",168,1
"3872",1,3
"3873",3,5
"3874",5,8
"3875",8,143
"3876",143,145
"3877",145,148
"3878",148,152
"3879",152,155
"3880",155,118
"3881",118,115
"3882",115,92
"3883",92,108
"3884",108,67
"3885",67,96
"3886",96,101
"3887",101,103
"3888",103,107
"3889",107,110
"3890",110,121
"3891",121,150
"3892",150,106
"3893",106,128
"3894",128,161
"3895",161,36
"3896",36,53
"3897",53,50
"3898",50,48
"3899",48,101
"3900",101,146
"3901",146,132
"3902",132,134
"3903",134,132
"3904",132,130
"3905",130,150
"3906",150,173
"3907",173,145
"3908",145,108
"3909",108,152
"3910",152,20
"3911",20,161
"3912",161,25
"3913",25,27
"3914",27,166
"3915",166,39
"3916",39,80
"3917",80,77
"3918",77,73
"3919",73,77
"3920",77,79
"3921",79,155
"3922",155,167
"3923",167,163
"3924",163,19
"3925",19,167
"3926",167,13
"3927",13,11
"3928",11,151
"3929",151,19
"3930",19,0
"3931",0,177
"3932",177,175
"3933",175,172
"3934",172,170
"3935",170,169
"3936",169,167
"3937",167,119
"3938",119,160
"3939",160,35
"3940",35,19
"3941",19,17
"3942",17,13
"3943",13,41
"3944",41,97
"3945",97,70
"3946",70,68
"3947",68,103
"3948",103,107
"3949",107,66
"3950",66,22
"3951",22,31
"3952",31,173
"3953",173,6
"3954",6,149
"3955",149,12
"3956",12,152
"3957",152,153
"3958",153,117
"3959",117,163
"3960",163,167
"3961",167,163
"3962",163,160
"3963",160,158
"3964",158,157
"3965",157,119
"3966",119,122
"3967",122,124
"3968",124,127
"3969",127,130
"3970",130,98
"3971",98,100
"3972",100,101
"3973",101,103
"3974",103,87
"3975",87,85
"3976",85,82
"3977",82,80
"3978",80,79
"3979",79,65
"3980",65,67
"3981",67,68
"3982",68,67
"3983",67,68
"3984",68,130
"3985",130,139
"3986",139,104
"3987",104,59
"3988",59,62
"3989",62,58
"3990",58,56
"3991",56,40
"3992",40,3
"3993",3,1
"3994",1,138
"3995",138,136
"3996",136,138
"3997",138,140
"3998",140,143
"3999",143,145
"4000",145,115
"4001",115,113
"4002",113,112
"4003",112,113
"4004",113,112
"4005",112,110
"4006",110,108
"4007",108,158
"4008",158,157
"4009",157,155
"4010",155,20
"4011",20,164
"4012",164,38
"4013",38,163
"4014",163,162
"4015",162,160
"4016",160,36
"4017",36,159
"4018",159,116
"4019",116,65
"4020",65,110
"4021",110,72
"4022",72,135
"4023",135,117
"4024",117,118
"4025",118,122
"4026",122,50
"4027",50,123
"4028",123,145
"4029",145,146
"4030",146,148
"4031",148,152
"4032",152,155
"4033",155,15
"4034",15,0
"4035",0,149
"4036",149,11
"4037",11,8
"4038",8,10
"4039",10,164
"4040",164,1
"4041",1,3
"4042",3,5
"4043",5,8
"4044",8,174
"4045",174,172
"4046",172,170
"4047",170,29
"4048",29,179
"4049",179,177
"4050",177,175
"4051",175,172
"4052",172,170
"4053",170,124
"4054",124,122
"4055",122,124
"4056",124,125
"4057",125,127
"4058",127,130
"4059",130,132
"4060",132,134
"4061",134,95
"4062",95,98
"4063",98,74
"4064",74,99
"4065",99,45
"4066",45,57
"4067",57,35
"4068",35,37
"4069",37,75
"4070",75,116
"4071",116,81
"4072",81,69
"4073",69,86
"4074",86,140
"4075",140,138
"4076",138,151
"4077",151,17
"4078",17,18
"4079",18,2
"4080",2,144
"4081",144,128
"4082",128,115
"4083",115,166
"4084",166,156
"4085",156,135
"4086",135,88
"4087",88,131
"4088",131,100
"4089",100,98
"4090",98,107
"4091",107,108
"4092",108,110
"4093",110,112
"4094",112,113
"4095",113,150
"4096",150,19
"4097",19,161
"4098",161,37
"4099",37,40
"4100",40,168
"4101",168,14
"4102",14,171
"4103",171,0
"4104",0,138
"4105",138,104
"4106",104,64
"4107",64,126
"4108",126,83
"4109",83,103
"4110",103,101
"4111",101,100
"4112",100,129
"4113",129,147
"4114",147,105
"4115",105,92
"4116",92,41
"4117",41,95
"4118",95,93
"4119",93,91
"4120",91,93
"4121",93,95
"4122",95,98
"4123",98,95
"4124",95,71
"4125",71,35
"4126",35,161
"4127",161,15
"4128",15,6
"4129",6,152
"4130",152,148
"4131",148,146
"4132",146,145
"4133",145,143
"4134",143,140
"4135",140,107
"4136",107,103
"4137",103,112
"4138",112,165
"4139",165,25
"4140",25,27
"4141",27,39
"4142",39,77
"4143",77,73
"4144",73,70
"4145",70,72
"4146",72,73
"4147",73,108
"4148",108,107
"4149",107,103
"4150",103,101
"4151",101,134
"4152",134,132
"4153",132,130
"4154",130,50
"4155",50,53
"4156",53,55
"4157",55,53
"4158",53,50
"4159",50,48
"4160",48,46
"4161",46,48
"4162",48,50
"4163",50,53
"4164",53,55
"4165",55,56
"4166",56,58
"4167",58,62
"4168",62,58
"4169",58,56
"4170",56,105
"4171",105,66
"4172",66,92
"4173",92,72
"4174",72,79
"4175",79,77
"4176",77,73
"4177",73,77
"4178",77,79
"4179",79,80
"4180",80,82
"4181",82,85
"4182",85,87
"4183",87,89
"4184",89,49
"4185",49,24
"4186",24,22
"4187",22,23
"4188",23,22
"4189",22,23
"4190",23,25
"4191",25,28
"4192",28,32
"4193",32,9
"4194",9,170
"4195",170,169
"4196",169,167
"4197",167,163
"4198",163,167
"4199",167,117
"4200",117,115
"4201",115,113
"4202",113,112
"4203",112,154
"4204",154,120
"4205",120,102
"4206",102,66
"4207",66,86
"4208",86,112
"4209",112,81
"4210",81,101
"4211",101,100
"4212",100,98
"4213",98,82
"4214",82,80
"4215",80,79
"4216",79,77
"4217",77,79
"4218",79,80
"4219",80,82
"4220",82,85
"4221",85,87
"4222",87,89
"4223",89,87
"4224",87,85
"4225",85,45
"4226",45,52
"4227",52,50
"4228",50,48
"4229",48,46
"4230",46,82
"4231",82,157
"4232",157,116
"4233",116,144
"4234",144,6
"4235",6,8
"4236",8,10
"4237",10,13
"4238",13,11
"4239",11,10
"4240",10,8
"4241",8,5
"4242",5,3
"4243",3,1
"4244",1,3
"4245",3,155
"4246",155,153
"4247",153,145
"4248",145,106
"4249",106,131
"4250",131,143
"4251",143,140
"4252",140,138
"4253",138,136
"4254",136,0
"4255",0,147
"4256",147,14
"4257",14,17
"4258",17,150
"4259",150,20
"4260",20,154
"4261",154,164
"4262",164,134
"4263",134,138
"4264",138,124
"4265",124,125
"4266",125,127
"4267",127,130
"4268",130,127
"4269",127,125
"4270",125,51
"4271",51,53
"4272",53,50
"4273",50,48
"4274",48,46
"4275",46,87
"4276",87,85
"4277",85,82
"4278",82,80
"4279",80,11
"4280",11,13
"4281",13,17
"4282",17,18
"4283",18,19
"4284",19,149
"4285",149,19
"4286",19,151
"4287",151,114
"4288",114,154
"4289",154,13
"4290",13,17
"4291",17,148
"4292",148,146
"4293",146,111
"4294",111,75
"4295",75,116
"4296",116,126
"4297",126,156
"4298",156,84
"4299",84,59
"4300",59,62
"4301",62,63
"4302",63,65
"4303",65,63
"4304",63,68
"4305",68,67
"4306",67,65
"4307",65,63
"4308",63,62
"4309",62,107
"4310",107,103
"4311",103,101
"4312",101,100
"4313",100,98
"4314",98,95
"4315",95,93
"4316",93,91
"4317",91,93
"4318",93,95
"4319",95,102
"4320",102,153
"4321",153,152
"4322",152,148
"4323",148,177
"4324",177,179
"4325",179,177
"4326",177,175
"4327",175,172
"4328",172,170
"4329",170,169
"4330",169,167
"4331",167,163
"4332",163,162
"4333",162,160
"4334",160,158
"4335",158,157
"4336",157,155
"4337",155,153
"4338",153,106
"4339",106,85
"4340",85,82
"4341",82,80
"4342",80,79
"4343",79,103
"4344",103,107
"4345",107,108
"4346",108,110
"4347",110,112
"4348",112,113
"4349",113,115
"4350",115,117
"4351",117,118
"4352",118,122
"4353",122,118
"4354",118,117
"4355",117,115
"4356",115,113
"4357",113,115
"4358",115,117
"4359",117,155
"4360",155,157
"4361",157,158
"4362",158,160
"4363",160,162
"4364",162,163
"4365",163,11
"4366",11,147
"4367",147,4
"4368",4,139
"4369",139,117
"4370",117,118
"4371",118,165
"4372",165,39
"4373",39,37
"4374",37,35
"4375",35,37
"4376",37,78
"4377",78,41
"4378",41,6
"4379",6,141
"4380",141,143
"4381",143,145
"4382",145,177
"4383",177,175
"4384",175,172
"4385",172,170
"4386",170,169
"4387",169,167
"4388",167,17
"4389",17,161
"4390",161,170
"4391",170,172
"4392",172,175
"4393",175,167
"4394",167,10
"4395",10,160
"4396",160,158
"4397",158,120
"4398",120,150
"4399",150,109
"4400",109,130
"4401",130,132
"4402",132,134
"4403",134,132
"4404",132,155
"4405",155,153
"4406",153,152
"4407",152,148
"4408",148,146
"4409",146,145
"4410",145,12
"4411",12,18
"4412",18,19
"4413",19,11
"4414",11,39
"4415",39,165
"4416",165,120
"4417",120,125
"4418",125,124
"4419",124,122
"4420",122,118
"4421",118,122
"4422",122,124
"4423",124,122
"4424",122,163
"4425",163,167
"4426",167,169
"4427",169,170
"4428",170,172
"4429",172,127
"4430",127,125
"4431",125,127
"4432",127,130
"4433",130,174
"4434",174,4
"4435",4,150
"4436",150,16
"4437",16,13
"4438",13,11
"4439",11,10
"4440",10,8
"4441",8,38
"4442",38,164
"4443",164,119
"4444",119,146
"4445",146,76
"4446",76,99
"4447",99,61
"4448",61,58
"4449",58,56
"4450",56,55
"4451",55,45
"4452",45,89
"4453",89,87
"4454",87,68
"4455",68,70
"4456",70,72
"4457",72,73
"4458",73,77
"4459",77,73
"4460",73,72
"4461",72,70
"4462",70,101
"4463",101,103
"4464",103,141
"4465",141,154
"4466",154,17
"4467",17,18
"4468",18,152
"4469",152,148
"4470",148,146
"4471",146,145
"4472",145,143
"4473",143,140
"4474",140,138
"4475",138,136
"4476",136,138
"4477",138,2
"4478",2,138
"4479",138,140
"4480",140,143
"4481",143,145
"4482",145,127
"4483",127,125
"4484",125,124
"4485",124,122
"4486",122,118
"4487",118,117
"4488",117,115
"4489",115,113
"4490",113,155
"4491",155,157
"4492",157,158
"4493",158,160
"4494",160,162
"4495",162,163
"4496",163,167
"4497",167,118
"4498",118,88
"4499",88,49
"4500",49,86
"4501",86,107
"4502",107,108
"4503",108,110
"4504",110,151
"4505",151,19
"4506",19,150
"4507",150,84
"4508",84,82
"4509",82,80
"4510",80,79
"4511",79,77
"4512",77,73
"4513",73,72
"4514",72,70
"4515",70,68
"4516",68,67
"4517",67,65
"4518",65,63
"4519",63,62
"4520",62,58
"4521",58,68
"4522",68,70
"4523",70,129
"4524",129,173
"4525",173,155
"4526",155,153
"4527",153,152
"4528",152,148
"4529",148,146
"4530",146,14
"4531",14,153
"4532",153,152
"4533",152,148
"4534",148,146
"4535",146,145
"4536",145,143
"4537",143,140
"4538",140,138
"4539",138,158
"4540",158,15
"4541",15,149
"4542",149,138
"4543",138,136
"4544",136,104
"4545",104,107
"4546",107,108
"4547",108,110
"4548",110,112
"4549",112,110
"4550",110,69
"4551",69,130
"4552",130,132
"4553",132,134
"4554",134,132
"4555",132,130
"4556",130,127
"4557",127,130
"4558",130,127
"4559",127,125
"4560",125,124
"4561",124,122
"4562",122,165
"4563",165,119
"4564",119,122
"4565",122,154
"4566",154,127
"4567",127,125
"4568",125,99
"4569",99,59
"4570",59,90
"4571",90,47
"4572",47,48
"4573",48,50
"4574",50,53
"4575",53,55
"4576",55,56
"4577",56,111
"4578",111,134
"4579",134,132
"4580",132,130
"4581",130,127
"4582",127,150
"4583",150,20
"4584",20,151
"4585",151,8
"4586",8,5
"4587",5,3
"4588",3,5
"4589",5,8
"4590",8,10
"4591",10,8
"4592",8,5
"4593",5,3
"4594",3,1
"4595",1,3
"4596",3,5
"4597",5,8
"4598",8,10
"4599",10,11
"4600",11,168
"4601",168,5
"4602",5,160
"4603",160,158
"4604",158,160
"4605",160,162
"4606",162,163
"4607",163,167
"4608",167,169
"4609",169,170
"4610",170,172
"4611",172,175
"4612",175,177
"4613",177,179
"4614",179,177
"4615",177,38
"4616",38,76
"4617",76,80
"4618",80,82
"4619",82,85
"4620",85,87
"4621",87,89
"4622",89,87
"4623",87,108
"4624",108,110
"4625",110,112
"4626",112,113
"4627",113,115
"4628",115,117
"4629",117,166
"4630",166,121
"4631",121,95
"4632",95,98
"4633",98,100
"4634",100,101
"4635",101,103
"4636",103,107
"4637",107,108
"4638",108,74
"4639",74,77
"4640",77,79
"4641",79,77
"4642",77,79
"4643",79,99
"4644",99,82
"4645",82,85
"4646",85,82
"4647",82,80
"4648",80,79
"4649",79,123
"4650",123,167
"4651",167,169
"4652",169,167
"4653",167,163
"4654",163,162
"4655",162,160
"4656",160,158
"4657",158,157
"4658",157,155
"4659",155,157
"4660",157,155
"4661",155,153
"4662",153,18
"4663",18,17
"4664",17,13
"4665",13,11
"4666",11,13
"4667",13,17
"4668",17,18
"4669",18,19
"4670",19,149
"4671",149,116
"4672",116,137
"4673",137,173
"4674",173,5
"4675",5,8
"4676",8,142
"4677",142,107
"4678",107,71
"4679",71,102
"4680",102,131
"4681",131,72
"4682",72,73
"4683",73,72
"4684",72,70
"4685",70,68
"4686",68,67
"4687",67,83
"4688",83,75
"4689",75,108
"4690",108,110
"4691",110,112
"4692",112,110
"4693",110,108
"4694",108,107
"4695",107,103
"4696",103,101
"4697",101,100
"4698",100,98
"4699",98,95
"4700",95,98
"4701",98,100
"4702",100,98
"4703",98,95
"4704",95,93
"4705",93,91
"4706",91,93
"4707",93,95
"4708",95,98
"4709",98,100
"4710",100,101
"4711",101,103
"4712",103,107
"4713",107,100
"4714",100,101
"4715",101,73
"4716",73,77
"4717",77,104
"4718",104,145
"4719",145,143
"4720",143,140
"4721",140,138
"4722",138,136
"4723",136,138
"4724",138,140
"4725",140,143
"4726",143,145
"4727",145,146
"4728",146,148
"4729",148,152
"4730",152,153
"4731",153,20
"4732",20,155
"4733",155,16
"4734",16,152
"4735",152,148
"4736",148,146
"4737",146,178
"4738",178,40
"4739",40,42
"4740",42,40
"4741",40,39
"4742",39,37
"4743",37,35
"4744",35,37
"4745",37,39
"4746",39,40
"4747",40,41
"4748",41,178
"4749",178,137
"4750",137,153
"4751",153,155
"4752",155,157
"4753",157,155
"4754",155,153
"4755",153,152
"4756",152,148
"4757",148,17
"4758",17,13
"4759",13,11
"4760",11,10
"4761",10,8
"4762",8,10
"4763",10,11
"4764",11,144
"4765",144,151
"4766",151,19
"4767",19,7
"4768",7,22
"4769",22,23
"4770",23,25
"4771",25,27
"4772",27,28
"4773",28,32
"4774",32,28
"4775",28,32
"4776",32,28
"4777",28,27
"4778",27,25
"4779",25,23
"4780",23,22
"4781",22,21
"4782",21,22
"4783",22,23
"4784",23,25
"4785",25,27
"4786",27,25
"4787",25,23
"4788",23,25
"4789",25,27
"4790",27,28
"4791",28,32
"4792",32,26
"4793",26,6
"4794",6,8
"4795",8,5
"4796",5,3
"4797",3,1
"4798",1,175
"4799",175,172
"4800",172,175
"4801",175,177
"4802",177,135
"4803",135,123
"4804",123,96
"4805",96,98
"4806",98,128
"4807",128,54
"4808",54,46
"4809",46,48
"4810",48,15
"4811",15,149
"4812",149,3
"4813",3,1
"4814",1,3
"4815",3,5
"4816",5,3
"4817",3,5
"4818",5,8
"4819",8,167
"4820",167,27
"4821",27,28
"4822",28,32
"4823",32,171
"4824",171,126
"4825",126,171
"4826",171,166
"4827",166,163
"4828",163,162
"4829",162,160
"4830",160,158
"4831",158,160
"4832",160,162
"4833",162,160
"4834",160,158
"4835",158,166
"4836",166,163
"4837",163,108
"4838",108,110
"4839",110,112
"4840",112,83
"4841",83,71
"4842",71,111
"4843",111,69
"4844",69,105
"4845",105,69
"4846",69,110
"4847",110,118
"4848",118,117
"4849",117,115
"4850",115,113
"4851",113,115
"4852",115,117
"4853",117,118
"4854",118,122
"4855",122,124
"4856",124,125
"4857",125,127
"4858",127,129
"4859",129,153
"4860",153,17
"4861",17,18
"4862",18,17
"4863",17,13
"4864",13,11
"4865",11,13
"4866",13,17
"4867",17,148
"4868",148,146
"4869",146,145
"4870",145,143
"4871",143,140
"4872",140,138
"4873",138,136
"4874",136,138
"4875",138,140
"4876",140,143
"4877",143,145
"4878",145,146
"4879",146,148
"4880",148,152
"4881",152,124
"4882",124,122
"4883",122,118
"4884",118,122
"4885",122,118
"4886",118,117
"4887",117,115
"4888",115,113
"4889",113,94
"4890",94,105
"4891",105,125
"4892",125,124
"4893",124,122
"4894",122,118
"4895",118,163
"4896",163,167
"4897",167,169
"4898",169,170
"4899",170,172
"4900",172,175
"4901",175,177
"4902",177,179
"4903",179,177
"4904",177,179
"4905",179,177
"4906",177,175
"4907",175,172
"4908",172,170
"4909",170,169
"4910",169,128
"4911",128,170
"4912",170,172
"4913",172,174
"4914",174,172
"4915",172,170
"4916",170,169
"4917",169,167
"4918",167,163
"4919",163,162
"4920",162,18
"4921",18,149
"4922",149,16
"4923",16,147
"4924",147,10
"4925",10,8
"4926",8,10
"4927",10,11
"4928",11,152
"4929",152,148
"4930",148,140
"4931",140,143
"4932",143,141
"4933",141,143
"4934",143,145
"4935",145,119
"4936",119,87
"4937",87,85
"4938",85,87
"4939",87,89
"4940",89,65
"4941",65,63
"4942",63,133
"4943",133,122
"4944",122,124
"4945",124,125
"4946",125,127
"4947",127,130
"4948",130,79
"4949",79,77
"4950",77,73
"4951",73,72
"4952",72,70
"4953",70,68
"4954",68,70
"4955",70,72
"4956",72,88
"4957",88,116
"4958",116,165
"4959",165,160
"4960",160,19
"4961",19,150
"4962",150,107
"4963",107,108
"4964",108,110
"4965",110,112
"4966",112,110
"4967",110,108
"4968",108,110
"4969",110,127
"4970",127,129
"4971",129,127
"4972",127,125
"4973",125,127
"4974",127,129
"4975",129,127
"4976",127,130
"4977",130,132
"4978",132,134
"4979",134,132
"4980",132,130
"4981",130,132
"4982",132,130
"4983",130,132
"4984",132,134
"4985",134,112
"4986",112,110
"4987",110,108
"4988",108,107
"4989",107,149
"4990",149,19
"4991",19,152
"4992",152,153
"4993",153,155
"4994",155,157
"4995",157,155
"4996",155,153
"4997",153,155
"4998",155,17
"4999",17,13
"5000",13,17
